"new_certificationexternalid","new_certificationname","new_dateearned","new_document","new_expirydate","importsequencenumber","new_issuer","new_referencenumber","statuscode","statecode","timezoneruleversionnumber","utcconversiontimezonecode","versionnumber","owningbusinessunit","new_vendor"
"ac438a58-aa8c-f111-8076-002248eb7656","ISO/IEC 27701:2019","2026-07-15 00:00:00.0000000","","2029-07-14 00:00:00.0000000","21","NSAI","IE-PIMS-2026-0167","1","0","4","","4670112","4b0e47bf-c36d-f111-ab0d-6045bd56e224","a66ec1b0-a48c-f111-8076-000d3a80923d"
"aa438a58-aa8c-f111-8076-002248eb7656","ISO/IEC 27001:2022","2026-04-01 00:00:00.0000000","","2029-03-31 00:00:00.0000000","21","NSAI","IE-ISMS-2026-0112","1","0","4","","4670111","4b0e47bf-c36d-f111-ab0d-6045bd56e224","a66ec1b0-a48c-f111-8076-000d3a80923d"
"a8438a58-aa8c-f111-8076-002248eb7656","ISO/IEC 27001:2022","2026-05-20 00:00:00.0000000","","2029-05-19 00:00:00.0000000","21","AFNOR Certification","FR-ISMS-2026-0145","1","0","4","","4670110","4b0e47bf-c36d-f111-ab0d-6045bd56e224","a56ec1b0-a48c-f111-8076-000d3a80923d"
"a6438a58-aa8c-f111-8076-002248eb7656","EN 9100:2018","2026-02-22 00:00:00.0000000","","2029-02-21 00:00:00.0000000","21","AFNOR Certification","FR-AQMS-2026-0098","1","0","4","","4670109","4b0e47bf-c36d-f111-ab0d-6045bd56e224","a56ec1b0-a48c-f111-8076-000d3a80923d"
"a4438a58-aa8c-f111-8076-002248eb7656","ISO/IEC 27001:2022","2026-03-05 00:00:00.0000000","","2029-03-04 00:00:00.0000000","21","TUV Nord Thailand","TH-ISMS-2026-0071","1","0","4","","4670108","4b0e47bf-c36d-f111-ab0d-6045bd56e224","a46ec1b0-a48c-f111-8076-000d3a80923d"
"a2438a58-aa8c-f111-8076-002248eb7656","ISO 9001:2015","2026-01-18 00:00:00.0000000","","2029-01-17 00:00:00.0000000","21","TUV Nord Thailand","TH-QMS-2026-0067","1","0","4","","4670107","4b0e47bf-c36d-f111-ab0d-6045bd56e224","a46ec1b0-a48c-f111-8076-000d3a80923d"
"a0438a58-aa8c-f111-8076-002248eb7656","ISO 9001:2015","2026-06-01 00:00:00.0000000","","2029-05-31 00:00:00.0000000","21","Hong Kong Quality Assurance Agency","HK-QMS-2026-0098","1","0","4","","4670106","4b0e47bf-c36d-f111-ab0d-6045bd56e224","a36ec1b0-a48c-f111-8076-000d3a80923d"
"9e438a58-aa8c-f111-8076-002248eb7656","ISO/IEC 27001:2022","2026-03-10 00:00:00.0000000","","2029-03-09 00:00:00.0000000","21","Hong Kong Quality Assurance Agency","HK-ISMS-2026-0044","1","0","4","","4670105","4b0e47bf-c36d-f111-ab0d-6045bd56e224","a36ec1b0-a48c-f111-8076-000d3a80923d"
"9c438a58-aa8c-f111-8076-002248eb7656","ISO/IEC 27001:2022","2026-05-12 00:00:00.0000000","","2029-05-11 00:00:00.0000000","21","BSI Group Canada","CA-ISMS-2026-0134","1","0","4","","4670104","4b0e47bf-c36d-f111-ab0d-6045bd56e224","a26ec1b0-a48c-f111-8076-000d3a80923d"
"9a438a58-aa8c-f111-8076-002248eb7656","ISO/IEC 20000-1:2018","2026-02-01 00:00:00.0000000","","2029-01-31 00:00:00.0000000","21","BSI Group Canada","CA-ITSM-2026-0091","1","0","4","","4670103","4b0e47bf-c36d-f111-ab0d-6045bd56e224","a26ec1b0-a48c-f111-8076-000d3a80923d"
"98438a58-aa8c-f111-8076-002248eb7656","ISO/IEC 27701:2019","2025-01-25 00:00:00.0000000","","2028-01-24 00:00:00.0000000","21","Telarc New Zealand","NZ-PIMS-2025-6602","1","0","4","","4670102","4b0e47bf-c36d-f111-ab0d-6045bd56e224","cafae3b2-a48c-f111-8076-000d3a81e01c"
"96438a58-aa8c-f111-8076-002248eb7656","ISO 9001:2015","2024-10-19 00:00:00.0000000","","2027-10-18 00:00:00.0000000","21","Telarc New Zealand","NZ-QMS-2024-6602","1","0","4","","4670101","4b0e47bf-c36d-f111-ab0d-6045bd56e224","cafae3b2-a48c-f111-8076-000d3a81e01c"
"94438a58-aa8c-f111-8076-002248eb7656","ISO 9001:2015","2025-10-13 00:00:00.0000000","","2028-10-12 00:00:00.0000000","21","SIRIM QAS International","MY-QMS-2025-8814","1","0","4","","4670100","4b0e47bf-c36d-f111-ab0d-6045bd56e224","c9fae3b2-a48c-f111-8076-000d3a81e01c"
"92438a58-aa8c-f111-8076-002248eb7656","ISO/IEC 27001:2022","2025-04-28 00:00:00.0000000","","2028-04-27 00:00:00.0000000","21","SIRIM QAS International","MY-ISMS-2025-8814","1","0","4","","4670099","4b0e47bf-c36d-f111-ab0d-6045bd56e224","c9fae3b2-a48c-f111-8076-000d3a81e01c"
"90438a58-aa8c-f111-8076-002248eb7656","ISO/IEC 27001:2022","2025-03-09 00:00:00.0000000","","2028-03-08 00:00:00.0000000","21","Bureau Veritas Taiwan","TW-ISMS-2025-3390","1","0","4","","4670098","4b0e47bf-c36d-f111-ab0d-6045bd56e224","c8fae3b2-a48c-f111-8076-000d3a81e01c"
"8e438a58-aa8c-f111-8076-002248eb7656","ISO 9001:2015","2024-08-13 00:00:00.0000000","","2027-08-12 00:00:00.0000000","21","Bureau Veritas Taiwan","TW-QMS-2024-3390","1","0","4","","4670097","4b0e47bf-c36d-f111-ab0d-6045bd56e224","c8fae3b2-a48c-f111-8076-000d3a81e01c"
"8c438a58-aa8c-f111-8076-002248eb7656","ISO/IEC 20000-1:2018","2025-11-08 00:00:00.0000000","","2028-11-07 00:00:00.0000000","21","TSE Turkiye","TR-ITSM-2025-5581","1","0","4","","4670096","4b0e47bf-c36d-f111-ab0d-6045bd56e224","c7fae3b2-a48c-f111-8076-000d3a81e01c"
"8a438a58-aa8c-f111-8076-002248eb7656","ISO/IEC 27001:2022","2025-03-21 00:00:00.0000000","","2028-03-20 00:00:00.0000000","21","TSE Turkiye","TR-ISMS-2025-5581","1","0","4","","4670095","4b0e47bf-c36d-f111-ab0d-6045bd56e224","c7fae3b2-a48c-f111-8076-000d3a81e01c"
"88438a58-aa8c-f111-8076-002248eb7656","ISO 9001:2015","2025-09-19 00:00:00.0000000","","2028-09-18 00:00:00.0000000","21","INN Chile","CL-QMS-2025-4482","1","0","4","","4670094","4b0e47bf-c36d-f111-ab0d-6045bd56e224","c6fae3b2-a48c-f111-8076-000d3a81e01c"
"86438a58-aa8c-f111-8076-002248eb7656","ISO/IEC 27001:2022","2024-05-14 00:00:00.0000000","","2027-05-13 00:00:00.0000000","21","INN Chile","CL-ISMS-2024-4482","1","0","4","","4670093","4b0e47bf-c36d-f111-ab0d-6045bd56e224","c6fae3b2-a48c-f111-8076-000d3a81e01c"
"84438a58-aa8c-f111-8076-002248eb7656","ISO/IEC 27001:2022","2025-06-08 00:00:00.0000000","","2028-06-07 00:00:00.0000000","21","ABNT Brazil","BR-ISMS-2025-0668","1","0","4","","4670092","4b0e47bf-c36d-f111-ab0d-6045bd56e224","c5fae3b2-a48c-f111-8076-000d3a81e01c"
"82438a58-aa8c-f111-8076-002248eb7656","PCI DSS Level 1 Service Provider","2025-10-30 00:00:00.0000000","","2026-10-29 00:00:00.0000000","21","ControlCase LatAm","PCI-L1-BR-2025-0668","1","0","4","","4670091","4b0e47bf-c36d-f111-ab0d-6045bd56e224","c5fae3b2-a48c-f111-8076-000d3a81e01c"
"80438a58-aa8c-f111-8076-002248eb7656","ISO/IEC 27001:2022","2025-02-27 00:00:00.0000000","","2028-02-26 00:00:00.0000000","21","ZABS Zambia","ZM-ISMS-2025-1189","1","0","4","","4670090","4b0e47bf-c36d-f111-ab0d-6045bd56e224","c4fae3b2-a48c-f111-8076-000d3a81e01c"
"7e438a58-aa8c-f111-8076-002248eb7656","ISO 9001:2015","2024-07-25 00:00:00.0000000","","2027-07-24 00:00:00.0000000","21","ZABS Zambia","ZM-QMS-2024-1189","1","0","4","","4670089","4b0e47bf-c36d-f111-ab0d-6045bd56e224","c4fae3b2-a48c-f111-8076-000d3a81e01c"
"7c438a58-aa8c-f111-8076-002248eb7656","ISO 9001:2015","2025-08-04 00:00:00.0000000","","2028-08-03 00:00:00.0000000","21","EOS Egypt","EG-QMS-2025-3312","1","0","4","","4670088","4b0e47bf-c36d-f111-ab0d-6045bd56e224","c3fae3b2-a48c-f111-8076-000d3a81e01c"
"7a438a58-aa8c-f111-8076-002248eb7656","ISO/IEC 27001:2022","2025-01-16 00:00:00.0000000","","2028-01-15 00:00:00.0000000","21","EOS Egypt","EG-ISMS-2025-3312","1","0","4","","4670087","4b0e47bf-c36d-f111-ab0d-6045bd56e224","c3fae3b2-a48c-f111-8076-000d3a81e01c"
"78438a58-aa8c-f111-8076-002248eb7656","ISO 9001:2015","2025-05-30 00:00:00.0000000","","2028-05-29 00:00:00.0000000","21","SIQ Slovenia","SI-QMS-2025-2298","1","0","4","","4670086","4b0e47bf-c36d-f111-ab0d-6045bd56e224","c2fae3b2-a48c-f111-8076-000d3a81e01c"
"76438a58-aa8c-f111-8076-002248eb7656","ISO/IEC 27001:2022","2024-11-08 00:00:00.0000000","","2027-11-07 00:00:00.0000000","21","SIQ Slovenia","SI-ISMS-2024-2298","1","0","4","","4670085","4b0e47bf-c36d-f111-ab0d-6045bd56e224","c2fae3b2-a48c-f111-8076-000d3a81e01c"
"74438a58-aa8c-f111-8076-002248eb7656","CREST Accredited Penetration Testing","2025-12-18 00:00:00.0000000","","2027-12-17 00:00:00.0000000","21","CREST","CREST-PT-FR-6602","1","0","4","","4670084","4b0e47bf-c36d-f111-ab0d-6045bd56e224","c1fae3b2-a48c-f111-8076-000d3a81e01c"
"72438a58-aa8c-f111-8076-002248eb7656","ISO/IEC 27001:2022","2025-09-12 00:00:00.0000000","","2028-09-11 00:00:00.0000000","21","AFNOR Certification","FR-ISMS-2025-6602","1","0","4","","4670083","4b0e47bf-c36d-f111-ab0d-6045bd56e224","c1fae3b2-a48c-f111-8076-000d3a81e01c"
"70438a58-aa8c-f111-8076-002248eb7656","ISO 9001:2015","2025-01-20 00:00:00.0000000","","2028-01-19 00:00:00.0000000","21","AFNOR Certification","FR-QMS-2025-4471","1","0","4","","4670082","4b0e47bf-c36d-f111-ab0d-6045bd56e224","c0fae3b2-a48c-f111-8076-000d3a81e01c"
"6e438a58-aa8c-f111-8076-002248eb7656","EN 9100:2018","2024-06-02 00:00:00.0000000","","2027-06-01 00:00:00.0000000","21","AFNOR Certification","FR-AQMS-2024-4471","1","0","4","","4670081","4b0e47bf-c36d-f111-ab0d-6045bd56e224","c0fae3b2-a48c-f111-8076-000d3a81e01c"
"6c438a58-aa8c-f111-8076-002248eb7656","ISO/IEC 27701:2019","2025-10-01 00:00:00.0000000","","2028-09-30 00:00:00.0000000","21","BSI Group Canada","CA-PIMS-2025-1187","1","0","4","","4670080","4b0e47bf-c36d-f111-ab0d-6045bd56e224","bffae3b2-a48c-f111-8076-000d3a81e01c"
"6a438a58-aa8c-f111-8076-002248eb7656","ISO 9001:2015","2025-02-04 00:00:00.0000000","","2028-02-03 00:00:00.0000000","21","BSI Group Canada","CA-QMS-2025-1187","1","0","4","","4670078","4b0e47bf-c36d-f111-ab0d-6045bd56e224","bffae3b2-a48c-f111-8076-000d3a81e01c"
"68438a58-aa8c-f111-8076-002248eb7656","ISO/IEC 27001:2022","2025-08-13 00:00:00.0000000","","2028-08-12 00:00:00.0000000","21","Schellman & Company","US-ISMS-2025-5528","1","0","4","","4670077","4b0e47bf-c36d-f111-ab0d-6045bd56e224","befae3b2-a48c-f111-8076-000d3a81e01c"
"66438a58-aa8c-f111-8076-002248eb7656","ISO/IEC 20000-1:2018","2024-04-28 00:00:00.0000000","","2027-04-27 00:00:00.0000000","21","Schellman & Company","US-ITSM-2024-5528","1","0","4","","4670076","4b0e47bf-c36d-f111-ab0d-6045bd56e224","befae3b2-a48c-f111-8076-000d3a81e01c"
"64438a58-aa8c-f111-8076-002248eb7656","ISO 9001:2015","2025-11-15 00:00:00.0000000","","2028-11-14 00:00:00.0000000","21","Schellman & Company","US-QMS-2025-7712","1","0","4","","4670075","4b0e47bf-c36d-f111-ab0d-6045bd56e224","bdfae3b2-a48c-f111-8076-000d3a81e01c"
"62438a58-aa8c-f111-8076-002248eb7656","ISO/IEC 27001:2022","2025-08-01 00:00:00.0000000","","2028-07-31 00:00:00.0000000","21","Schellman & Company","US-ISMS-2025-7712","1","0","4","","4670074","4b0e47bf-c36d-f111-ab0d-6045bd56e224","bdfae3b2-a48c-f111-8076-000d3a81e01c"
"60438a58-aa8c-f111-8076-002248eb7656","ISO/IEC 20000-1:2018","2025-06-27 00:00:00.0000000","","2028-06-26 00:00:00.0000000","21","Telarc New Zealand","NZ-ITSM-2025-2214","1","0","4","","4670073","4b0e47bf-c36d-f111-ab0d-6045bd56e224","bcfae3b2-a48c-f111-8076-000d3a81e01c"
"5e438a58-aa8c-f111-8076-002248eb7656","ISO/IEC 27001:2022","2024-03-15 00:00:00.0000000","","2027-03-14 00:00:00.0000000","21","Telarc New Zealand","NZ-ISMS-2024-2214","1","0","4","","4670072","4b0e47bf-c36d-f111-ab0d-6045bd56e224","bcfae3b2-a48c-f111-8076-000d3a81e01c"
"5c438a58-aa8c-f111-8076-002248eb7656","ISO 9001:2015","2025-12-21 00:00:00.0000000","","2028-12-20 00:00:00.0000000","21","SAI Global Australia","AU-QMS-2025-3382","1","0","4","","4670071","4b0e47bf-c36d-f111-ab0d-6045bd56e224","bbfae3b2-a48c-f111-8076-000d3a81e01c"
"5a438a58-aa8c-f111-8076-002248eb7656","ISO/IEC 27001:2022","2025-05-27 00:00:00.0000000","","2028-05-26 00:00:00.0000000","21","SAI Global Australia","AU-ISMS-2025-3382","1","0","4","","4670070","4b0e47bf-c36d-f111-ab0d-6045bd56e224","bbfae3b2-a48c-f111-8076-000d3a81e01c"
"58438a58-aa8c-f111-8076-002248eb7656","ISO/IEC 27701:2019","2025-07-09 00:00:00.0000000","","2028-07-08 00:00:00.0000000","21","SAI Global Australia","AU-PIMS-2025-6690","1","0","4","","4670069","4b0e47bf-c36d-f111-ab0d-6045bd56e224","bafae3b2-a48c-f111-8076-000d3a81e01c"
"56438a58-aa8c-f111-8076-002248eb7656","ISO 9001:2015","2024-12-19 00:00:00.0000000","","2027-12-18 00:00:00.0000000","21","SAI Global Australia","AU-QMS-2024-6690","1","0","4","","4670068","4b0e47bf-c36d-f111-ab0d-6045bd56e224","bafae3b2-a48c-f111-8076-000d3a81e01c"
"54438a58-aa8c-f111-8076-002248eb7656","ISO 9001:2015","2025-03-15 00:00:00.0000000","","2028-03-14 00:00:00.0000000","21","TUV Nord Thailand","TH-QMS-2025-1130","1","0","4","","4670067","4b0e47bf-c36d-f111-ab0d-6045bd56e224","b9fae3b2-a48c-f111-8076-000d3a81e01c"
"52438a58-aa8c-f111-8076-002248eb7656","ISO/IEC 27001:2022","2024-09-06 00:00:00.0000000","","2027-09-05 00:00:00.0000000","21","TUV Nord Thailand","TH-ISMS-2024-1130","1","0","4","","4670066","4b0e47bf-c36d-f111-ab0d-6045bd56e224","b9fae3b2-a48c-f111-8076-000d3a81e01c"
"50438a58-aa8c-f111-8076-002248eb7656","ISO/IEC 27001:2022","2025-11-27 00:00:00.0000000","","2028-11-26 00:00:00.0000000","21","TUV Nord Thailand","TH-ISMS-2025-0447","1","0","4","","4670065","4b0e47bf-c36d-f111-ab0d-6045bd56e224","b8fae3b2-a48c-f111-8076-000d3a81e01c"
"4e438a58-aa8c-f111-8076-002248eb7656","PCI DSS Level 1 Service Provider","2025-06-20 00:00:00.0000000","","2026-06-19 00:00:00.0000000","21","ControlCase APAC","PCI-L1-TH-2025-0447","1","0","4","","4670064","4b0e47bf-c36d-f111-ab0d-6045bd56e224","b8fae3b2-a48c-f111-8076-000d3a81e01c"
"4c438a58-aa8c-f111-8076-002248eb7656","ISO/IEC 20000-1:2018","2025-05-08 00:00:00.0000000","","2028-05-07 00:00:00.0000000","21","Bureau Veritas Vietnam","VN-ITSM-2025-8814","1","0","4","","4670063","4b0e47bf-c36d-f111-ab0d-6045bd56e224","b7fae3b2-a48c-f111-8076-000d3a81e01c"
"4a438a58-aa8c-f111-8076-002248eb7656","ISO/IEC 27001:2022","2025-11-29 00:00:00.0000000","","2028-11-28 00:00:00.0000000","21","Bureau Veritas Vietnam","VN-ISMS-2025-8814","1","0","4","","4670062","4b0e47bf-c36d-f111-ab0d-6045bd56e224","b7fae3b2-a48c-f111-8076-000d3a81e01c"
"48438a58-aa8c-f111-8076-002248eb7656","ISO 9001:2015","2025-09-01 00:00:00.0000000","","2028-08-31 00:00:00.0000000","21","Bureau Veritas Vietnam","VN-QMS-2025-3345","1","0","4","","4670061","4b0e47bf-c36d-f111-ab0d-6045bd56e224","b6fae3b2-a48c-f111-8076-000d3a81e01c"
"46438a58-aa8c-f111-8076-002248eb7656","ISO/IEC 27001:2022","2024-02-24 00:00:00.0000000","","2027-02-23 00:00:00.0000000","21","Bureau Veritas Vietnam","VN-ISMS-2024-3345","1","0","4","","4670060","4b0e47bf-c36d-f111-ab0d-6045bd56e224","b6fae3b2-a48c-f111-8076-000d3a81e01c"
"44438a58-aa8c-f111-8076-002248eb7656","ISO 9001:2015","2025-04-04 00:00:00.0000000","","2028-04-03 00:00:00.0000000","21","TUV Rheinland Philippines","PH-QMS-2025-5581","1","0","4","","4670059","4b0e47bf-c36d-f111-ab0d-6045bd56e224","b5fae3b2-a48c-f111-8076-000d3a81e01c"
"42438a58-aa8c-f111-8076-002248eb7656","ISO/IEC 27001:2022","2025-10-11 00:00:00.0000000","","2028-10-10 00:00:00.0000000","21","TUV Rheinland Philippines","PH-ISMS-2025-5581","1","0","4","","4670058","4b0e47bf-c36d-f111-ab0d-6045bd56e224","b5fae3b2-a48c-f111-8076-000d3a81e01c"
"40438a58-aa8c-f111-8076-002248eb7656","SOC 2 Type II","2025-10-02 00:00:00.0000000","","2026-10-01 00:00:00.0000000","21","KPMG Philippines","SOC2-2025-CBG-041","1","0","4","","4670057","4b0e47bf-c36d-f111-ab0d-6045bd56e224","b4fae3b2-a48c-f111-8076-000d3a81e01c"
"3e438a58-aa8c-f111-8076-002248eb7656","PCI DSS Level 1 Service Provider","2025-05-17 00:00:00.0000000","","2026-05-16 00:00:00.0000000","21","ControlCase APAC","PCI-L1-PH-2025-0447","1","0","4","","4670056","4b0e47bf-c36d-f111-ab0d-6045bd56e224","b4fae3b2-a48c-f111-8076-000d3a81e01c"
"3c438a58-aa8c-f111-8076-002248eb7656","ISO 9001:2015","2024-01-30 00:00:00.0000000","","2027-01-29 00:00:00.0000000","21","TUV Rheinland Philippines","PH-QMS-2024-1198","1","0","4","","4670055","4b0e47bf-c36d-f111-ab0d-6045bd56e224","b4fae3b2-a48c-f111-8076-000d3a81e01c"
"3a438a58-aa8c-f111-8076-002248eb7656","CREST Accredited Penetration Testing","2025-08-19 00:00:00.0000000","","2027-08-18 00:00:00.0000000","21","CREST","CREST-PT-ID-7702","1","0","4","","4670054","4b0e47bf-c36d-f111-ab0d-6045bd56e224","b3fae3b2-a48c-f111-8076-000d3a81e01c"
"38438a58-aa8c-f111-8076-002248eb7656","ISO/IEC 27001:2022","2025-04-14 00:00:00.0000000","","2028-04-13 00:00:00.0000000","21","SGS Indonesia","ID-ISMS-2025-7702","1","0","4","","4670053","4b0e47bf-c36d-f111-ab0d-6045bd56e224","b3fae3b2-a48c-f111-8076-000d3a81e01c"
"36438a58-aa8c-f111-8076-002248eb7656","ISO/IEC 20000-1:2018","2025-02-22 00:00:00.0000000","","2028-02-21 00:00:00.0000000","21","SGS Indonesia","ID-ITSM-2025-4471","1","0","4","","4670052","4b0e47bf-c36d-f111-ab0d-6045bd56e224","b2fae3b2-a48c-f111-8076-000d3a81e01c"
"34438a58-aa8c-f111-8076-002248eb7656","ISO/IEC 27001:2022","2024-08-08 00:00:00.0000000","","2027-08-07 00:00:00.0000000","21","SGS Indonesia","ID-ISMS-2024-4471","1","0","4","","4670051","4b0e47bf-c36d-f111-ab0d-6045bd56e224","b2fae3b2-a48c-f111-8076-000d3a81e01c"
"32438a58-aa8c-f111-8076-002248eb7656","ISO 9001:2015","2025-12-30 00:00:00.0000000","","2028-12-29 00:00:00.0000000","21","SIRIM QAS International","MY-QMS-2025-6613","1","0","4","","4670050","4b0e47bf-c36d-f111-ab0d-6045bd56e224","b1fae3b2-a48c-f111-8076-000d3a81e01c"
"30438a58-aa8c-f111-8076-002248eb7656","ISO/IEC 27001:2022","2025-07-02 00:00:00.0000000","","2028-07-01 00:00:00.0000000","21","SIRIM QAS International","MY-ISMS-2025-6613","1","0","4","","4670049","4b0e47bf-c36d-f111-ab0d-6045bd56e224","b1fae3b2-a48c-f111-8076-000d3a81e01c"
"2e438a58-aa8c-f111-8076-002248eb7656","ISO 9001:2015","2025-11-24 00:00:00.0000000","","2028-11-23 00:00:00.0000000","21","SIRIM QAS International","MY-QMS-2025-2298","1","0","4","","4670048","4b0e47bf-c36d-f111-ab0d-6045bd56e224","b0fae3b2-a48c-f111-8076-000d3a81e01c"
"2c438a58-aa8c-f111-8076-002248eb7656","ISO/IEC 27001:2022","2024-05-21 00:00:00.0000000","","2027-05-20 00:00:00.0000000","21","SIRIM QAS International","MY-ISMS-2024-2298","1","0","4","","4670047","4b0e47bf-c36d-f111-ab0d-6045bd56e224","b0fae3b2-a48c-f111-8076-000d3a81e01c"
"2a438a58-aa8c-f111-8076-002248eb7656","ISO/IEC 27001:2022","2025-05-15 00:00:00.0000000","","2028-05-14 00:00:00.0000000","21","BSI Group Korea","KR-ISMS-2025-0091","1","0","4","","4670046","4b0e47bf-c36d-f111-ab0d-6045bd56e224","affae3b2-a48c-f111-8076-000d3a81e01c"
"28438a58-aa8c-f111-8076-002248eb7656","ISO/IEC 42001:2023 AI Management System","2026-01-05 00:00:00.0000000","","2029-01-04 00:00:00.0000000","21","BSI Group Korea","KR-AIMS-2026-0091","1","0","4","","4670045","4b0e47bf-c36d-f111-ab0d-6045bd56e224","affae3b2-a48c-f111-8076-000d3a81e01c"
"26438a58-aa8c-f111-8076-002248eb7656","ISO 9001:2015","2025-07-28 00:00:00.0000000","","2028-07-27 00:00:00.0000000","21","Korean Foundation for Quality","KR-QMS-2025-3312","1","0","4","","4670044","4b0e47bf-c36d-f111-ab0d-6045bd56e224","aefae3b2-a48c-f111-8076-000d3a81e01c"
"24438a58-aa8c-f111-8076-002248eb7656","ISO/IEC 27001:2022","2024-10-08 00:00:00.0000000","","2027-10-07 00:00:00.0000000","21","Korean Foundation for Quality","KR-ISMS-2024-3312","1","0","4","","4670043","4b0e47bf-c36d-f111-ab0d-6045bd56e224","aefae3b2-a48c-f111-8076-000d3a81e01c"
"22438a58-aa8c-f111-8076-002248eb7656","ISO/IEC 27001:2022","2025-03-01 00:00:00.0000000","","2028-02-29 00:00:00.0000000","21","Japan Quality Assurance Organisation","JP-ISMS-2025-4470","1","0","4","","4670042","4b0e47bf-c36d-f111-ab0d-6045bd56e224","adfae3b2-a48c-f111-8076-000d3a81e01c"
"20438a58-aa8c-f111-8076-002248eb7656","ISO 9001:2015","2025-09-19 00:00:00.0000000","","2028-09-18 00:00:00.0000000","21","Japan Quality Assurance Organisation","JP-QMS-2025-4470","1","0","4","","4670041","4b0e47bf-c36d-f111-ab0d-6045bd56e224","adfae3b2-a48c-f111-8076-000d3a81e01c"
"1e438a58-aa8c-f111-8076-002248eb7656","ISO/IEC 27017:2015 Cloud Security","2025-12-13 00:00:00.0000000","","2028-12-12 00:00:00.0000000","21","Japan Quality Assurance Organisation","JP-CLOUD-2025-1187","1","0","4","","4670040","4b0e47bf-c36d-f111-ab0d-6045bd56e224","acfae3b2-a48c-f111-8076-000d3a81e01c"
"1c438a58-aa8c-f111-8076-002248eb7656","ISO/IEC 27001:2022","2024-06-11 00:00:00.0000000","","2027-06-10 00:00:00.0000000","21","Japan Quality Assurance Organisation","JP-ISMS-2024-1187","1","0","4","","4670039","4b0e47bf-c36d-f111-ab0d-6045bd56e224","acfae3b2-a48c-f111-8076-000d3a81e01c"
"1a438a58-aa8c-f111-8076-002248eb7656","ISO/IEC 27001:2022","2025-09-25 00:00:00.0000000","","2028-09-24 00:00:00.0000000","21","Bureau Veritas Taiwan","TW-ISMS-2025-2298","1","0","4","","4670038","4b0e47bf-c36d-f111-ab0d-6045bd56e224","abfae3b2-a48c-f111-8076-000d3a81e01c"
"18438a58-aa8c-f111-8076-002248eb7656","CMMI Level 4 (Development)","2025-03-31 00:00:00.0000000","","2028-03-30 00:00:00.0000000","21","ISACA CMMI Institute","CMMI-DEV-L4-TW-2298","1","0","4","","4670037","4b0e47bf-c36d-f111-ab0d-6045bd56e224","abfae3b2-a48c-f111-8076-000d3a81e01c"
"16438a58-aa8c-f111-8076-002248eb7656","ISO/IEC 27701:2019","2025-04-08 00:00:00.0000000","","2028-04-07 00:00:00.0000000","21","Hong Kong Quality Assurance Agency","HK-PIMS-2025-5528","1","0","4","","4670036","4b0e47bf-c36d-f111-ab0d-6045bd56e224","aafae3b2-a48c-f111-8076-000d3a81e01c"
"14438a58-aa8c-f111-8076-002248eb7656","ISO/IEC 27001:2022","2024-11-27 00:00:00.0000000","","2027-11-26 00:00:00.0000000","21","Hong Kong Quality Assurance Agency","HK-ISMS-2024-5528","1","0","4","","4670035","4b0e47bf-c36d-f111-ab0d-6045bd56e224","aafae3b2-a48c-f111-8076-000d3a81e01c"
"12438a58-aa8c-f111-8076-002248eb7656","ISO/IEC 27001:2022","2025-07-14 00:00:00.0000000","","2028-07-13 00:00:00.0000000","21","CQC China","CN-ISMS-2025-3391","1","0","4","","4670034","4b0e47bf-c36d-f111-ab0d-6045bd56e224","a9fae3b2-a48c-f111-8076-000d3a81e01c"
"10438a58-aa8c-f111-8076-002248eb7656","ISO 9001:2015","2025-02-14 00:00:00.0000000","","2028-02-13 00:00:00.0000000","21","CQC China","CN-QMS-2025-3391","1","0","4","","4670033","4b0e47bf-c36d-f111-ab0d-6045bd56e224","a9fae3b2-a48c-f111-8076-000d3a81e01c"
"0e438a58-aa8c-f111-8076-002248eb7656","ISO/IEC 20000-1:2018","2025-10-19 00:00:00.0000000","","2028-10-18 00:00:00.0000000","21","CQC China","CN-ITSM-2025-6602","1","0","4","","4670032","4b0e47bf-c36d-f111-ab0d-6045bd56e224","a8fae3b2-a48c-f111-8076-000d3a81e01c"
"0c438a58-aa8c-f111-8076-002248eb7656","ISO/IEC 27001:2022","2024-07-19 00:00:00.0000000","","2027-07-18 00:00:00.0000000","21","CQC China","CN-ISMS-2024-6602","1","0","4","","4670031","4b0e47bf-c36d-f111-ab0d-6045bd56e224","a8fae3b2-a48c-f111-8076-000d3a81e01c"
"0a438a58-aa8c-f111-8076-002248eb7656","ISO 9001:2015","2025-05-06 00:00:00.0000000","","2028-05-05 00:00:00.0000000","21","PSQCA Pakistan","PK-QMS-2025-8871","1","0","4","","4670030","4b0e47bf-c36d-f111-ab0d-6045bd56e224","a7fae3b2-a48c-f111-8076-000d3a81e01c"
"08438a58-aa8c-f111-8076-002248eb7656","ISO/IEC 27001:2022","2024-12-01 00:00:00.0000000","","2027-11-30 00:00:00.0000000","21","PSQCA Pakistan","PK-ISMS-2024-8871","1","0","4","","4670029","4b0e47bf-c36d-f111-ab0d-6045bd56e224","a7fae3b2-a48c-f111-8076-000d3a81e01c"
"06438a58-aa8c-f111-8076-002248eb7656","ISO/IEC 27001:2022","2025-02-28 00:00:00.0000000","","2028-02-27 00:00:00.0000000","21","SLSI Sri Lanka","LK-ISMS-2025-0982","1","0","4","","4670028","4b0e47bf-c36d-f111-ab0d-6045bd56e224","a6fae3b2-a48c-f111-8076-000d3a81e01c"
"04438a58-aa8c-f111-8076-002248eb7656","ISO 9001:2015","2025-08-25 00:00:00.0000000","","2028-08-24 00:00:00.0000000","21","SLSI Sri Lanka","LK-QMS-2025-0982","1","0","4","","4670027","4b0e47bf-c36d-f111-ab0d-6045bd56e224","a6fae3b2-a48c-f111-8076-000d3a81e01c"
"02438a58-aa8c-f111-8076-002248eb7656","ISO 9001:2015","2025-08-30 00:00:00.0000000","","2028-08-29 00:00:00.0000000","21","BAB Bangladesh","BD-QMS-2025-4415","1","0","4","","4670026","4b0e47bf-c36d-f111-ab0d-6045bd56e224","a5fae3b2-a48c-f111-8076-000d3a81e01c"
"00438a58-aa8c-f111-8076-002248eb7656","ISO/IEC 27001:2022","2024-04-17 00:00:00.0000000","","2027-04-16 00:00:00.0000000","21","BAB Bangladesh","BD-ISMS-2024-4415","1","0","4","","4670025","4b0e47bf-c36d-f111-ab0d-6045bd56e224","a5fae3b2-a48c-f111-8076-000d3a81e01c"
"fe428a58-aa8c-f111-8076-002248eb7656","ISO 9001:2015","2025-11-02 00:00:00.0000000","","2028-11-01 00:00:00.0000000","21","PSQCA Pakistan","PK-QMS-2025-7702","1","0","4","","4670024","4b0e47bf-c36d-f111-ab0d-6045bd56e224","a4fae3b2-a48c-f111-8076-000d3a81e01c"
"fc428a58-aa8c-f111-8076-002248eb7656","ISO/IEC 27001:2022","2025-06-30 00:00:00.0000000","","2028-06-29 00:00:00.0000000","21","PSQCA Pakistan","PK-ISMS-2025-7702","1","0","4","","4670023","4b0e47bf-c36d-f111-ab0d-6045bd56e224","a4fae3b2-a48c-f111-8076-000d3a81e01c"
"fa428a58-aa8c-f111-8076-002248eb7656","ISO 9001:2015","2025-12-27 00:00:00.0000000","","2028-12-26 00:00:00.0000000","21","TUV India","IN-QMS-2025-3345","1","0","4","","4670022","4b0e47bf-c36d-f111-ab0d-6045bd56e224","a3fae3b2-a48c-f111-8076-000d3a81e01c"
"f8428a58-aa8c-f111-8076-002248eb7656","ISO/IEC 27001:2022","2024-09-02 00:00:00.0000000","","2027-09-01 00:00:00.0000000","21","TUV India","IN-ISMS-2024-3345","1","0","4","","4670021","4b0e47bf-c36d-f111-ab0d-6045bd56e224","a3fae3b2-a48c-f111-8076-000d3a81e01c"
"f6428a58-aa8c-f111-8076-002248eb7656","ISO/IEC 27001:2022","2025-09-10 00:00:00.0000000","","2028-09-09 00:00:00.0000000","21","TUV India","IN-ISMS-2025-2209","1","0","4","","4670020","4b0e47bf-c36d-f111-ab0d-6045bd56e224","a2fae3b2-a48c-f111-8076-000d3a81e01c"
"f4428a58-aa8c-f111-8076-002248eb7656","CREST Accredited Penetration Testing","2025-05-08 00:00:00.0000000","","2027-05-07 00:00:00.0000000","21","CREST","CREST-PT-IN-2209","1","0","4","","4670019","4b0e47bf-c36d-f111-ab0d-6045bd56e224","a2fae3b2-a48c-f111-8076-000d3a81e01c"
"f2428a58-aa8c-f111-8076-002248eb7656","ISO/IEC 27001:2022","2025-04-19 00:00:00.0000000","","2028-04-18 00:00:00.0000000","21","BSI Group India","IN-ISMS-2025-5581","1","0","4","","4670018","4b0e47bf-c36d-f111-ab0d-6045bd56e224","a1fae3b2-a48c-f111-8076-000d3a81e01c"
"f0428a58-aa8c-f111-8076-002248eb7656","CMMI Level 5 (Development)","2025-01-27 00:00:00.0000000","","2028-01-26 00:00:00.0000000","21","ISACA CMMI Institute","CMMI-DEV-L5-IN-5581","1","0","4","","4670017","4b0e47bf-c36d-f111-ab0d-6045bd56e224","a1fae3b2-a48c-f111-8076-000d3a81e01c"
"ee428a58-aa8c-f111-8076-002248eb7656","SOC 2 Type II","2025-11-21 00:00:00.0000000","","2026-11-20 00:00:00.0000000","21","Deloitte India","SOC2-2025-DCS-033","1","0","4","","4670016","4b0e47bf-c36d-f111-ab0d-6045bd56e224","a0fae3b2-a48c-f111-8076-000d3a81e01c"
"ec428a58-aa8c-f111-8076-002248eb7656","ISO/IEC 20000-1:2018","2025-06-05 00:00:00.0000000","","2028-06-04 00:00:00.0000000","21","BSI Group India","IN-ITSM-2025-9012","1","0","4","","4670015","4b0e47bf-c36d-f111-ab0d-6045bd56e224","a0fae3b2-a48c-f111-8076-000d3a81e01c"
"ea428a58-aa8c-f111-8076-002248eb7656","ISO/IEC 27001:2022","2024-02-08 00:00:00.0000000","","2027-02-07 00:00:00.0000000","21","BSI Group India","IN-ISMS-2024-9012","1","0","4","","4670014","4b0e47bf-c36d-f111-ab0d-6045bd56e224","a0fae3b2-a48c-f111-8076-000d3a81e01c"
"e8428a58-aa8c-f111-8076-002248eb7656","ISO/IEC 27001:2022","2025-01-31 00:00:00.0000000","","2028-01-30 00:00:00.0000000","21","Bureau Veritas Senegal","SN-ISMS-2025-1174","1","0","4","","4670013","4b0e47bf-c36d-f111-ab0d-6045bd56e224","9ffae3b2-a48c-f111-8076-000d3a81e01c"
"e6428a58-aa8c-f111-8076-002248eb7656","ISO 9001:2015","2024-10-14 00:00:00.0000000","","2027-10-13 00:00:00.0000000","21","Bureau Veritas Senegal","SN-QMS-2024-1174","1","0","4","","4670012","4b0e47bf-c36d-f111-ab0d-6045bd56e224","9ffae3b2-a48c-f111-8076-000d3a81e01c"
"e4428a58-aa8c-f111-8076-002248eb7656","ISO 9001:2015","2025-08-24 00:00:00.0000000","","2028-08-23 00:00:00.0000000","21","TBS Tanzania","TZ-QMS-2025-2201","1","0","4","","4670011","4b0e47bf-c36d-f111-ab0d-6045bd56e224","9efae3b2-a48c-f111-8076-000d3a81e01c"
"e2428a58-aa8c-f111-8076-002248eb7656","ISO/IEC 27001:2022","2025-03-03 00:00:00.0000000","","2028-03-02 00:00:00.0000000","21","TBS Tanzania","TZ-ISMS-2025-2201","1","0","4","","4670010","4b0e47bf-c36d-f111-ab0d-6045bd56e224","9efae3b2-a48c-f111-8076-000d3a81e01c"
"e0428a58-aa8c-f111-8076-002248eb7656","ISO/IEC 27001:2022","2025-06-11 00:00:00.0000000","","2028-06-10 00:00:00.0000000","21","GSA Ghana","GH-ISMS-2025-0331","1","0","4","","4670009","4b0e47bf-c36d-f111-ab0d-6045bd56e224","9dfae3b2-a48c-f111-8076-000d3a81e01c"
"de428a58-aa8c-f111-8076-002248eb7656","PCI DSS Level 1 Service Provider","2024-12-08 00:00:00.0000000","","2025-12-07 00:00:00.0000000","21","ControlCase MEA","PCI-L1-GH-2024-0331","1","0","4","","4670008","4b0e47bf-c36d-f111-ab0d-6045bd56e224","9dfae3b2-a48c-f111-8076-000d3a81e01c"
"dc428a58-aa8c-f111-8076-002248eb7656","ISO/IEC 27001:2022","2025-09-29 00:00:00.0000000","","2028-09-28 00:00:00.0000000","21","IMANOR Morocco","MA-ISMS-2025-1189","1","0","4","","4670007","4b0e47bf-c36d-f111-ab0d-6045bd56e224","9cfae3b2-a48c-f111-8076-000d3a81e01c"
"da428a58-aa8c-f111-8076-002248eb7656","ISO 9001:2015","2025-05-13 00:00:00.0000000","","2028-05-12 00:00:00.0000000","21","IMANOR Morocco","MA-QMS-2025-1189","1","0","4","","4670006","4b0e47bf-c36d-f111-ab0d-6045bd56e224","9cfae3b2-a48c-f111-8076-000d3a81e01c"
"d8428a58-aa8c-f111-8076-002248eb7656","ISO/IEC 27001:2022","2025-03-06 00:00:00.0000000","","2028-03-05 00:00:00.0000000","21","SABS South Africa","ZA-ISMS-2025-6631","1","0","4","","4670005","4b0e47bf-c36d-f111-ab0d-6045bd56e224","9bfae3b2-a48c-f111-8076-000d3a81e01c"
"d6428a58-aa8c-f111-8076-002248eb7656","ISO/IEC 20000-1:2018","2024-08-20 00:00:00.0000000","","2027-08-19 00:00:00.0000000","21","SABS South Africa","ZA-ITSM-2024-6631","1","0","4","","4670004","4b0e47bf-c36d-f111-ab0d-6045bd56e224","9bfae3b2-a48c-f111-8076-000d3a81e01c"
"d4428a58-aa8c-f111-8076-002248eb7656","CREST Accredited Penetration Testing","2025-10-16 00:00:00.0000000","","2027-10-15 00:00:00.0000000","21","CREST","CREST-PT-ZA-4471","1","0","4","","4670003","4b0e47bf-c36d-f111-ab0d-6045bd56e224","9afae3b2-a48c-f111-8076-000d3a81e01c"
"d2428a58-aa8c-f111-8076-002248eb7656","ISO/IEC 27001:2022","2025-01-29 00:00:00.0000000","","2028-01-28 00:00:00.0000000","21","SABS South Africa","ZA-ISMS-2025-4471","1","0","4","","4670002","4b0e47bf-c36d-f111-ab0d-6045bd56e224","9afae3b2-a48c-f111-8076-000d3a81e01c"
"d0428a58-aa8c-f111-8076-002248eb7656","ISO/IEC 27001:2022","2025-07-04 00:00:00.0000000","","2028-07-03 00:00:00.0000000","21","SON Nigeria","NG-ISMS-2025-0552","1","0","4","","4670001","4b0e47bf-c36d-f111-ab0d-6045bd56e224","99fae3b2-a48c-f111-8076-000d3a81e01c"
"ce428a58-aa8c-f111-8076-002248eb7656","PCI DSS Level 1 Service Provider","2025-11-17 00:00:00.0000000","","2026-11-16 00:00:00.0000000","21","ControlCase MEA","PCI-L1-NG-2025-0552","1","0","4","","4670000","4b0e47bf-c36d-f111-ab0d-6045bd56e224","99fae3b2-a48c-f111-8076-000d3a81e01c"
"cc428a58-aa8c-f111-8076-002248eb7656","ISO 9001:2015","2025-02-19 00:00:00.0000000","","2028-02-18 00:00:00.0000000","21","KEBS Kenya","KE-QMS-2025-2298","1","0","4","","4669999","4b0e47bf-c36d-f111-ab0d-6045bd56e224","98fae3b2-a48c-f111-8076-000d3a81e01c"
"ca428a58-aa8c-f111-8076-002248eb7656","ISO/IEC 27001:2022","2024-06-27 00:00:00.0000000","","2027-06-26 00:00:00.0000000","21","KEBS Kenya","KE-ISMS-2024-2298","1","0","4","","4669998","4b0e47bf-c36d-f111-ab0d-6045bd56e224","98fae3b2-a48c-f111-8076-000d3a81e01c"
"c8428a58-aa8c-f111-8076-002248eb7656","ISO/IEC 27001:2022","2025-08-28 00:00:00.0000000","","2028-08-27 00:00:00.0000000","21","DNV Middle East","BH-ISMS-2025-0219","1","0","4","","4669997","4b0e47bf-c36d-f111-ab0d-6045bd56e224","97fae3b2-a48c-f111-8076-000d3a81e01c"
"c6428a58-aa8c-f111-8076-002248eb7656","PCI DSS Level 1 Service Provider","2025-04-04 00:00:00.0000000","","2026-04-03 00:00:00.0000000","21","ControlCase MEA","PCI-L1-BH-2025-0219","1","0","4","","4669996","4b0e47bf-c36d-f111-ab0d-6045bd56e224","97fae3b2-a48c-f111-8076-000d3a81e01c"
"c4428a58-aa8c-f111-8076-002248eb7656","ISO 9001:2015","2025-12-15 00:00:00.0000000","","2028-12-14 00:00:00.0000000","21","Oman Accreditation Council","OM-QMS-2025-4413","1","0","4","","4669995","4b0e47bf-c36d-f111-ab0d-6045bd56e224","96fae3b2-a48c-f111-8076-000d3a81e01c"
"c2428a58-aa8c-f111-8076-002248eb7656","ISO/IEC 27001:2022","2025-09-23 00:00:00.0000000","","2028-09-22 00:00:00.0000000","21","Oman Accreditation Council","OM-ISMS-2025-4413","1","0","4","","4669994","4b0e47bf-c36d-f111-ab0d-6045bd56e224","96fae3b2-a48c-f111-8076-000d3a81e01c"
"c0428a58-aa8c-f111-8076-002248eb7656","ISO 9001:2015","2025-05-23 00:00:00.0000000","","2028-05-22 00:00:00.0000000","21","JSMO Jordan","JO-QMS-2025-1198","1","0","4","","4669993","4b0e47bf-c36d-f111-ab0d-6045bd56e224","95fae3b2-a48c-f111-8076-000d3a81e01c"
"be428a58-aa8c-f111-8076-002248eb7656","ISO/IEC 27001:2022","2024-11-05 00:00:00.0000000","","2027-11-04 00:00:00.0000000","21","JSMO Jordan","JO-ISMS-2024-1198","1","0","4","","4669992","4b0e47bf-c36d-f111-ab0d-6045bd56e224","95fae3b2-a48c-f111-8076-000d3a81e01c"
"bc428a58-aa8c-f111-8076-002248eb7656","ISO/IEC 27001:2022","2025-11-19 00:00:00.0000000","","2028-11-18 00:00:00.0000000","21","EOS Egypt","EG-ISMS-2025-3321","1","0","4","","4669991","4b0e47bf-c36d-f111-ab0d-6045bd56e224","94fae3b2-a48c-f111-8076-000d3a81e01c"
"ba428a58-aa8c-f111-8076-002248eb7656","ISO 9001:2015","2025-07-15 00:00:00.0000000","","2028-07-14 00:00:00.0000000","21","EOS Egypt","EG-QMS-2025-3321","1","0","4","","4669990","4b0e47bf-c36d-f111-ab0d-6045bd56e224","94fae3b2-a48c-f111-8076-000d3a81e01c"
"b8428a58-aa8c-f111-8076-002248eb7656","CREST Accredited Penetration Testing","2025-08-06 00:00:00.0000000","","2027-08-05 00:00:00.0000000","21","CREST","CREST-PT-IL-8814","1","0","4","","4669989","4b0e47bf-c36d-f111-ab0d-6045bd56e224","93fae3b2-a48c-f111-8076-000d3a81e01c"
"b6428a58-aa8c-f111-8076-002248eb7656","ISO/IEC 27001:2022","2024-03-19 00:00:00.0000000","","2027-03-18 00:00:00.0000000","21","SII Israel","IL-ISMS-2024-8814","1","0","4","","4669988","4b0e47bf-c36d-f111-ab0d-6045bd56e224","93fae3b2-a48c-f111-8076-000d3a81e01c"
"b4428a58-aa8c-f111-8076-002248eb7656","ISO 9001:2015","2025-10-26 00:00:00.0000000","","2028-10-25 00:00:00.0000000","21","QCC Qatar","QA-QMS-2025-2270","1","0","4","","4669987","4b0e47bf-c36d-f111-ab0d-6045bd56e224","92fae3b2-a48c-f111-8076-000d3a81e01c"
"b2428a58-aa8c-f111-8076-002248eb7656","ISO/IEC 27001:2022","2025-06-06 00:00:00.0000000","","2028-06-05 00:00:00.0000000","21","QCC Qatar","QA-ISMS-2025-2270","1","0","4","","4669986","4b0e47bf-c36d-f111-ab0d-6045bd56e224","92fae3b2-a48c-f111-8076-000d3a81e01c"
"b0428a58-aa8c-f111-8076-002248eb7656","ISO 9001:2015","2025-04-13 00:00:00.0000000","","2028-04-12 00:00:00.0000000","21","SASO Saudi Arabia","SA-QMS-2025-6690","1","0","4","","4669985","4b0e47bf-c36d-f111-ab0d-6045bd56e224","91fae3b2-a48c-f111-8076-000d3a81e01c"
"ae428a58-aa8c-f111-8076-002248eb7656","ISO/IEC 27001:2022","2024-10-30 00:00:00.0000000","","2027-10-29 00:00:00.0000000","21","SASO Saudi Arabia","SA-ISMS-2024-6690","1","0","4","","4669984","4b0e47bf-c36d-f111-ab0d-6045bd56e224","91fae3b2-a48c-f111-8076-000d3a81e01c"
"ac428a58-aa8c-f111-8076-002248eb7656","CREST Accredited Penetration Testing","2025-12-04 00:00:00.0000000","","2027-12-03 00:00:00.0000000","21","CREST","CREST-PT-AE-2209","1","0","4","","4669983","4b0e47bf-c36d-f111-ab0d-6045bd56e224","90fae3b2-a48c-f111-8076-000d3a81e01c"
"aa428a58-aa8c-f111-8076-002248eb7656","ISO/IEC 20000-1:2018","2025-08-17 00:00:00.0000000","","2028-08-16 00:00:00.0000000","21","DNV Middle East","AE-ITSM-2025-5581","1","0","4","","4669982","4b0e47bf-c36d-f111-ab0d-6045bd56e224","90fae3b2-a48c-f111-8076-000d3a81e01c"
"a8428a58-aa8c-f111-8076-002248eb7656","ISO/IEC 27001:2022","2025-02-09 00:00:00.0000000","","2028-02-08 00:00:00.0000000","21","DNV Middle East","AE-ISMS-2025-5581","1","0","4","","4669981","4b0e47bf-c36d-f111-ab0d-6045bd56e224","90fae3b2-a48c-f111-8076-000d3a81e01c"
"a6428a58-aa8c-f111-8076-002248eb7656","ISO 9001:2015","2025-06-30 00:00:00.0000000","","2028-06-29 00:00:00.0000000","21","Bureau Veritas Lithuania","LT-QMS-2025-3391","1","0","4","","4669980","4b0e47bf-c36d-f111-ab0d-6045bd56e224","8ffae3b2-a48c-f111-8076-000d3a81e01c"
"a4428a58-aa8c-f111-8076-002248eb7656","ISO/IEC 27001:2022","2024-12-16 00:00:00.0000000","","2027-12-15 00:00:00.0000000","21","Bureau Veritas Lithuania","LT-ISMS-2024-3391","1","0","4","","4669979","4b0e47bf-c36d-f111-ab0d-6045bd56e224","8ffae3b2-a48c-f111-8076-000d3a81e01c"
"a2428a58-aa8c-f111-8076-002248eb7656","ISO 9001:2015","2025-03-27 00:00:00.0000000","","2028-03-26 00:00:00.0000000","21","TUV SUD Slovakia","SK-QMS-2025-4470","1","0","4","","4669978","4b0e47bf-c36d-f111-ab0d-6045bd56e224","8efae3b2-a48c-f111-8076-000d3a81e01c"
"a0428a58-aa8c-f111-8076-002248eb7656","ISO/IEC 27001:2022","2025-08-13 00:00:00.0000000","","2028-08-12 00:00:00.0000000","21","TUV SUD Slovakia","SK-ISMS-2025-4470","1","0","4","","4669977","4b0e47bf-c36d-f111-ab0d-6045bd56e224","8efae3b2-a48c-f111-8076-000d3a81e01c"
"9e428a58-aa8c-f111-8076-002248eb7656","ISO/IEC 27701:2019","2025-09-11 00:00:00.0000000","","2028-09-10 00:00:00.0000000","21","Bureau Veritas Croatia","HR-PIMS-2025-1152","1","0","4","","4669976","4b0e47bf-c36d-f111-ab0d-6045bd56e224","8dfae3b2-a48c-f111-8076-000d3a81e01c"
"9c428a58-aa8c-f111-8076-002248eb7656","ISO 9001:2015","2024-04-24 00:00:00.0000000","","2027-04-23 00:00:00.0000000","21","Bureau Veritas Croatia","HR-QMS-2024-1152","1","0","4","","4669975","4b0e47bf-c36d-f111-ab0d-6045bd56e224","8dfae3b2-a48c-f111-8076-000d3a81e01c"
"9a428a58-aa8c-f111-8076-002248eb7656","ISO/IEC 27001:2022","2025-04-30 00:00:00.0000000","","2028-04-29 00:00:00.0000000","21","TSE Turkiye","TR-ISMS-2025-0398","1","0","4","","4669974","4b0e47bf-c36d-f111-ab0d-6045bd56e224","8cfae3b2-a48c-f111-8076-000d3a81e01c"
"98428a58-aa8c-f111-8076-002248eb7656","PCI DSS Level 1 Service Provider","2025-12-02 00:00:00.0000000","","2026-12-01 00:00:00.0000000","21","ControlCase EU","PCI-L1-TR-2025-0398","1","0","4","","4669973","4b0e47bf-c36d-f111-ab0d-6045bd56e224","8cfae3b2-a48c-f111-8076-000d3a81e01c"
"96428a58-aa8c-f111-8076-002248eb7656","ISO/IEC 27001:2022","2025-02-06 00:00:00.0000000","","2028-02-05 00:00:00.0000000","21","Bureau Veritas Ukraine","UA-ISMS-2025-7712","1","0","4","","4669972","4b0e47bf-c36d-f111-ab0d-6045bd56e224","8bfae3b2-a48c-f111-8076-000d3a81e01c"
"94428a58-aa8c-f111-8076-002248eb7656","ISO 9001:2015","2024-09-27 00:00:00.0000000","","2027-09-26 00:00:00.0000000","21","Bureau Veritas Ukraine","UA-QMS-2024-7712","1","0","4","","4669971","4b0e47bf-c36d-f111-ab0d-6045bd56e224","8bfae3b2-a48c-f111-8076-000d3a81e01c"
"92428a58-aa8c-f111-8076-002248eb7656","ISO/IEC 20000-1:2018","2025-07-23 00:00:00.0000000","","2028-07-22 00:00:00.0000000","21","SRAC Romania","RO-ITSM-2025-6607","1","0","4","","4669970","4b0e47bf-c36d-f111-ab0d-6045bd56e224","8afae3b2-a48c-f111-8076-000d3a81e01c"
"90428a58-aa8c-f111-8076-002248eb7656","ISO/IEC 27001:2022","2025-05-19 00:00:00.0000000","","2028-05-18 00:00:00.0000000","21","SRAC Romania","RO-ISMS-2025-6607","1","0","4","","4669969","4b0e47bf-c36d-f111-ab0d-6045bd56e224","8afae3b2-a48c-f111-8076-000d3a81e01c"
"8e428a58-aa8c-f111-8076-002248eb7656","ISO/IEC 27701:2019","2025-10-15 00:00:00.0000000","","2028-10-14 00:00:00.0000000","21","CQS Czech Republic","CZ-PIMS-2025-2214","1","0","4","","4669968","4b0e47bf-c36d-f111-ab0d-6045bd56e224","89fae3b2-a48c-f111-8076-000d3a81e01c"
"8c428a58-aa8c-f111-8076-002248eb7656","ISO/IEC 27001:2022","2024-07-08 00:00:00.0000000","","2027-07-07 00:00:00.0000000","21","CQS Czech Republic","CZ-ISMS-2024-2214","1","0","4","","4669967","4b0e47bf-c36d-f111-ab0d-6045bd56e224","89fae3b2-a48c-f111-8076-000d3a81e01c"
"8a428a58-aa8c-f111-8076-002248eb7656","ISO 9001:2015","2025-06-14 00:00:00.0000000","","2028-06-13 00:00:00.0000000","21","PCBC Poland","PL-QMS-2025-3308","1","0","4","","4669966","4b0e47bf-c36d-f111-ab0d-6045bd56e224","88fae3b2-a48c-f111-8076-000d3a81e01c"
"88428a58-aa8c-f111-8076-002248eb7656","ISO/IEC 27001:2022","2025-01-06 00:00:00.0000000","","2028-01-05 00:00:00.0000000","21","PCBC Poland","PL-ISMS-2025-3308","1","0","4","","4669965","4b0e47bf-c36d-f111-ab0d-6045bd56e224","88fae3b2-a48c-f111-8076-000d3a81e01c"
"86428a58-aa8c-f111-8076-002248eb7656","CREST Accredited Penetration Testing","2025-12-09 00:00:00.0000000","","2027-12-08 00:00:00.0000000","21","CREST","CREST-PT-FI-5567","1","0","4","","4669964","4b0e47bf-c36d-f111-ab0d-6045bd56e224","87fae3b2-a48c-f111-8076-000d3a81e01c"
"84428a58-aa8c-f111-8076-002248eb7656","ISO/IEC 27001:2022","2024-08-29 00:00:00.0000000","","2027-08-28 00:00:00.0000000","21","Inspecta Finland","FI-ISMS-2024-5567","1","0","4","","4669963","4b0e47bf-c36d-f111-ab0d-6045bd56e224","87fae3b2-a48c-f111-8076-000d3a81e01c"
"82428a58-aa8c-f111-8076-002248eb7656","ISO/IEC 27001:2022","2025-11-02 00:00:00.0000000","","2028-11-01 00:00:00.0000000","21","RISE Sweden","SE-ISMS-2025-1129","1","0","4","","4669962","4b0e47bf-c36d-f111-ab0d-6045bd56e224","86fae3b2-a48c-f111-8076-000d3a81e01c"
"7f428a58-aa8c-f111-8076-002248eb7656","ISO 9001:2015","2025-04-16 00:00:00.0000000","","2028-04-15 00:00:00.0000000","21","SP Sweden","SE-QMS-2025-1129","1","0","4","","4669961","4b0e47bf-c36d-f111-ab0d-6045bd56e224","86fae3b2-a48c-f111-8076-000d3a81e01c"
"7d428a58-aa8c-f111-8076-002248eb7656","ISO 9001:2015","2025-05-25 00:00:00.0000000","","2028-05-24 00:00:00.0000000","21","DNV Norway","NO-QMS-2025-4482","1","0","4","","4669960","4b0e47bf-c36d-f111-ab0d-6045bd56e224","85fae3b2-a48c-f111-8076-000d3a81e01c"
"7b428a58-aa8c-f111-8076-002248eb7656","ISO/IEC 27001:2022","2024-11-14 00:00:00.0000000","","2027-11-13 00:00:00.0000000","21","DNV Norway","NO-ISMS-2024-4482","1","0","4","","4669959","4b0e47bf-c36d-f111-ab0d-6045bd56e224","85fae3b2-a48c-f111-8076-000d3a81e01c"
"79428a58-aa8c-f111-8076-002248eb7656","ISO/IEC 27001:2022","2025-08-08 00:00:00.0000000","","2028-08-07 00:00:00.0000000","21","Quality Austria","AT-ISMS-2025-3390","1","0","4","","4669958","4b0e47bf-c36d-f111-ab0d-6045bd56e224","84fae3b2-a48c-f111-8076-000d3a81e01c"
"77428a58-aa8c-f111-8076-002248eb7656","CMMI Level 3 (Development)","2025-06-23 00:00:00.0000000","","2028-06-22 00:00:00.0000000","21","ISACA CMMI Institute","CMMI-DEV-L3-AT-3390","1","0","4","","4669957","4b0e47bf-c36d-f111-ab0d-6045bd56e224","84fae3b2-a48c-f111-8076-000d3a81e01c"
"75428a58-aa8c-f111-8076-002248eb7656","ISO/IEC 27701:2019","2025-10-21 00:00:00.0000000","","2028-10-20 00:00:00.0000000","21","SQS Switzerland","CH-PIMS-2025-1129","1","0","4","","4669956","4b0e47bf-c36d-f111-ab0d-6045bd56e224","83fae3b2-a48c-f111-8076-000d3a81e01c"
"73428a58-aa8c-f111-8076-002248eb7656","ISO 9001:2015","2024-05-05 00:00:00.0000000","","2027-05-04 00:00:00.0000000","21","SQS Switzerland","CH-QMS-2024-1129","1","0","4","","4669955","4b0e47bf-c36d-f111-ab0d-6045bd56e224","83fae3b2-a48c-f111-8076-000d3a81e01c"
"71428a58-aa8c-f111-8076-002248eb7656","ISO/IEC 27001:2022","2025-02-13 00:00:00.0000000","","2028-02-12 00:00:00.0000000","21","RINA Italy","IT-ISMS-2025-0745","1","0","4","","4669954","4b0e47bf-c36d-f111-ab0d-6045bd56e224","82fae3b2-a48c-f111-8076-000d3a81e01c"
"6f428a58-aa8c-f111-8076-002248eb7656","PCI DSS Level 1 Service Provider","2025-09-09 00:00:00.0000000","","2026-09-08 00:00:00.0000000","21","ControlCase EU","PCI-L1-IT-2025-0745","1","0","4","","4669953","4b0e47bf-c36d-f111-ab0d-6045bd56e224","82fae3b2-a48c-f111-8076-000d3a81e01c"
"6d428a58-aa8c-f111-8076-002248eb7656","ISO 9001:2015","2025-05-27 00:00:00.0000000","","2028-05-26 00:00:00.0000000","21","APCER","PT-QMS-2025-2298","1","0","4","","4669951","4b0e47bf-c36d-f111-ab0d-6045bd56e224","81fae3b2-a48c-f111-8076-000d3a81e01c"
"6b428a58-aa8c-f111-8076-002248eb7656","ISO/IEC 27001:2022","2024-10-02 00:00:00.0000000","","2027-10-01 00:00:00.0000000","21","APCER","PT-ISMS-2024-2298","1","0","4","","4669950","4b0e47bf-c36d-f111-ab0d-6045bd56e224","81fae3b2-a48c-f111-8076-000d3a81e01c"
"69428a58-aa8c-f111-8076-002248eb7656","ISO/IEC 20000-1:2018","2025-09-05 00:00:00.0000000","","2028-09-04 00:00:00.0000000","21","AENOR","ES-ITSM-2025-6641","1","0","4","","4669949","4b0e47bf-c36d-f111-ab0d-6045bd56e224","80fae3b2-a48c-f111-8076-000d3a81e01c"
"67428a58-aa8c-f111-8076-002248eb7656","ISO/IEC 27001:2022","2025-03-28 00:00:00.0000000","","2028-03-27 00:00:00.0000000","21","AENOR","ES-ISMS-2025-6641","1","0","4","","4669948","4b0e47bf-c36d-f111-ab0d-6045bd56e224","80fae3b2-a48c-f111-8076-000d3a81e01c"
"65428a58-aa8c-f111-8076-002248eb7656","ISO 9001:2015","2025-01-12 00:00:00.0000000","","2028-01-11 00:00:00.0000000","21","AENOR","ES-QMS-2025-3387","1","0","4","","4669947","4b0e47bf-c36d-f111-ab0d-6045bd56e224","7ffae3b2-a48c-f111-8076-000d3a81e01c"
"63428a58-aa8c-f111-8076-002248eb7656","EN 9100:2018","2024-06-19 00:00:00.0000000","","2027-06-18 00:00:00.0000000","21","AENOR","ES-AQMS-2024-3387","1","0","4","","4669946","4b0e47bf-c36d-f111-ab0d-6045bd56e224","7ffae3b2-a48c-f111-8076-000d3a81e01c"
"61428a58-aa8c-f111-8076-002248eb7656","ISO/IEC 27001:2022","2025-04-25 00:00:00.0000000","","2028-04-24 00:00:00.0000000","21","DEKRA Certification","NL-ISMS-2025-9902","1","0","4","","4669945","4b0e47bf-c36d-f111-ab0d-6045bd56e224","7efae3b2-a48c-f111-8076-000d3a81e01c"
"5f428a58-aa8c-f111-8076-002248eb7656","ISO/IEC 27701:2019","2025-11-11 00:00:00.0000000","","2028-11-10 00:00:00.0000000","21","DEKRA Certification","NL-PIMS-2025-9902","1","0","4","","4669944","4b0e47bf-c36d-f111-ab0d-6045bd56e224","7efae3b2-a48c-f111-8076-000d3a81e01c"
"5d428a58-aa8c-f111-8076-002248eb7656","ISO/IEC 27001:2022","2025-08-14 00:00:00.0000000","","2028-08-13 00:00:00.0000000","21","Vincotte","BE-ISMS-2025-0651","1","0","4","","4669943","4b0e47bf-c36d-f111-ab0d-6045bd56e224","7dfae3b2-a48c-f111-8076-000d3a81e01c"
"5b428a58-aa8c-f111-8076-002248eb7656","ISO 9001:2015","2025-02-27 00:00:00.0000000","","2028-02-26 00:00:00.0000000","21","Vincotte","BE-QMS-2025-0651","1","0","4","","4669942","4b0e47bf-c36d-f111-ab0d-6045bd56e224","7dfae3b2-a48c-f111-8076-000d3a81e01c"
"59428a58-aa8c-f111-8076-002248eb7656","AWS Advanced Tier Services Partner","2026-01-20 00:00:00.0000000","","2026-12-31 00:00:00.0000000","21","Amazon Web Services","APN-ADV-2026-NL-055","1","0","4","","4669941","4b0e47bf-c36d-f111-ab0d-6045bd56e224","7cfae3b2-a48c-f111-8076-000d3a81e01c"
"57428a58-aa8c-f111-8076-002248eb7656","ISO/IEC 20000-1:2018","2025-02-16 00:00:00.0000000","","2028-02-15 00:00:00.0000000","21","DEKRA Certification","NL-ITSM-2025-7729","1","0","4","","4669940","4b0e47bf-c36d-f111-ab0d-6045bd56e224","7cfae3b2-a48c-f111-8076-000d3a81e01c"
"55428a58-aa8c-f111-8076-002248eb7656","ISO/IEC 27001:2022","2024-09-16 00:00:00.0000000","","2027-09-15 00:00:00.0000000","21","DEKRA Certification","NL-ISMS-2024-7729","1","0","4","","4669939","4b0e47bf-c36d-f111-ab0d-6045bd56e224","7cfae3b2-a48c-f111-8076-000d3a81e01c"
"53428a58-aa8c-f111-8076-002248eb7656","CREST Accredited Penetration Testing","2025-11-14 00:00:00.0000000","","2027-11-13 00:00:00.0000000","21","CREST","CREST-PT-DE-3350","1","0","4","","4669938","4b0e47bf-c36d-f111-ab0d-6045bd56e224","7bfae3b2-a48c-f111-8076-000d3a81e01c"
"51428a58-aa8c-f111-8076-002248eb7656","ISO/IEC 27001:2022","2025-07-21 00:00:00.0000000","","2028-07-20 00:00:00.0000000","21","TUV SUD","DE-ISMS-2025-3350","1","0","4","","4669937","4b0e47bf-c36d-f111-ab0d-6045bd56e224","7bfae3b2-a48c-f111-8076-000d3a81e01c"
"4f428a58-aa8c-f111-8076-002248eb7656","ISO/IEC 27701:2019","2025-06-02 00:00:00.0000000","","2028-06-01 00:00:00.0000000","21","TUV Rheinland","DE-PIMS-2025-4423","1","0","4","","4669936","4b0e47bf-c36d-f111-ab0d-6045bd56e224","7afae3b2-a48c-f111-8076-000d3a81e01c"
"4d428a58-aa8c-f111-8076-002248eb7656","ISO/IEC 27001:2022","2024-12-09 00:00:00.0000000","","2027-12-08 00:00:00.0000000","21","TUV Rheinland","DE-ISMS-2024-4423","1","0","4","","4669935","4b0e47bf-c36d-f111-ab0d-6045bd56e224","7afae3b2-a48c-f111-8076-000d3a81e01c"
"4b428a58-aa8c-f111-8076-002248eb7656","ISO 9001:2015","2025-08-19 00:00:00.0000000","","2028-08-18 00:00:00.0000000","21","TUV Rheinland","DE-QMS-2025-3390","1","0","4","","4669934","4b0e47bf-c36d-f111-ab0d-6045bd56e224","79fae3b2-a48c-f111-8076-000d3a81e01c"
"49428a58-aa8c-f111-8076-002248eb7656","ISO/IEC 27001:2022","2025-03-24 00:00:00.0000000","","2028-03-23 00:00:00.0000000","21","TUV Rheinland","DE-ISMS-2025-2207","1","0","4","","4669932","4b0e47bf-c36d-f111-ab0d-6045bd56e224","79fae3b2-a48c-f111-8076-000d3a81e01c"
"47428a58-aa8c-f111-8076-002248eb7656","SAP Gold Partner","2026-02-01 00:00:00.0000000","","2026-12-31 00:00:00.0000000","21","SAP SE","SAP-GP-2026-DE-1187","1","0","4","","4669931","4b0e47bf-c36d-f111-ab0d-6045bd56e224","79fae3b2-a48c-f111-8076-000d3a81e01c"
"45428a58-aa8c-f111-8076-002248eb7656","ISO 9001:2015","2025-12-03 00:00:00.0000000","","2028-12-02 00:00:00.0000000","21","BSI Group","UK-QMS-2025-5581","1","0","4","","4669929","4b0e47bf-c36d-f111-ab0d-6045bd56e224","78fae3b2-a48c-f111-8076-000d3a81e01c"
"43428a58-aa8c-f111-8076-002248eb7656","ISO/IEC 27001:2022","2025-08-07 00:00:00.0000000","","2028-08-06 00:00:00.0000000","21","BSI Group","UK-ISMS-2025-9012","1","0","4","","4669928","4b0e47bf-c36d-f111-ab0d-6045bd56e224","78fae3b2-a48c-f111-8076-000d3a81e01c"
"41428a58-aa8c-f111-8076-002248eb7656","ISO/IEC 27001:2022","2025-07-07 00:00:00.0000000","","2028-07-06 00:00:00.0000000","21","NSAI","IE-ISMS-2025-1198","1","0","4","","4669927","4b0e47bf-c36d-f111-ab0d-6045bd56e224","77fae3b2-a48c-f111-8076-000d3a81e01c"
"3f428a58-aa8c-f111-8076-002248eb7656","ISO 9001:2015","2024-03-11 00:00:00.0000000","","2027-03-10 00:00:00.0000000","21","NSAI","IE-QMS-2024-1187","1","0","4","","4669926","4b0e47bf-c36d-f111-ab0d-6045bd56e224","77fae3b2-a48c-f111-8076-000d3a81e01c"
"3d428a58-aa8c-f111-8076-002248eb7656","ISO/IEC 27001:2022","2025-01-08 00:00:00.0000000","","2028-01-07 00:00:00.0000000","21","NSAI","IE-ISMS-2025-4471","1","0","4","","4669925","4b0e47bf-c36d-f111-ab0d-6045bd56e224","76fae3b2-a48c-f111-8076-000d3a81e01c"
"3b428a58-aa8c-f111-8076-002248eb7656","ISO/IEC 27701:2019","2025-06-18 00:00:00.0000000","","2028-06-17 00:00:00.0000000","21","NSAI","IE-PIMS-2025-2214","1","0","4","","4669924","4b0e47bf-c36d-f111-ab0d-6045bd56e224","76fae3b2-a48c-f111-8076-000d3a81e01c"
"39428a58-aa8c-f111-8076-002248eb7656","ISO/IEC 20000-1:2018","2025-04-11 00:00:00.0000000","","2028-04-10 00:00:00.0000000","21","BSI Group","UK-ITSM-2025-2298","1","0","4","","4669923","4b0e47bf-c36d-f111-ab0d-6045bd56e224","75fae3b2-a48c-f111-8076-000d3a81e01c"
"37428a58-aa8c-f111-8076-002248eb7656","ISO/IEC 27001:2022","2024-10-25 00:00:00.0000000","","2027-10-24 00:00:00.0000000","21","BSI Group","UK-ISMS-2024-5528","1","0","4","","4669922","4b0e47bf-c36d-f111-ab0d-6045bd56e224","75fae3b2-a48c-f111-8076-000d3a81e01c"
"35428a58-aa8c-f111-8076-002248eb7656","ISO/IEC 27001:2022","2025-09-18 00:00:00.0000000","","2028-09-17 00:00:00.0000000","21","BSI Group","UK-ISMS-2025-6602","1","0","4","","4669921","4b0e47bf-c36d-f111-ab0d-6045bd56e224","74fae3b2-a48c-f111-8076-000d3a81e01c"
"33428a58-aa8c-f111-8076-002248eb7656","CREST Accredited Penetration Testing","2025-04-02 00:00:00.0000000","","2027-04-01 00:00:00.0000000","21","CREST","CREST-PT-UK-3391","1","0","4","","4669920","4b0e47bf-c36d-f111-ab0d-6045bd56e224","74fae3b2-a48c-f111-8076-000d3a81e01c"
"31428a58-aa8c-f111-8076-002248eb7656","ISO/IEC 27701:2019","2025-05-06 00:00:00.0000000","","2028-05-05 00:00:00.0000000","21","BSI Group","UK-PIMS-2025-3312","1","0","4","","4669919","4b0e47bf-c36d-f111-ab0d-6045bd56e224","73fae3b2-a48c-f111-8076-000d3a81e01c"
"2f428a58-aa8c-f111-8076-002248eb7656","ISO 9001:2015","2024-07-14 00:00:00.0000000","","2027-07-13 00:00:00.0000000","21","BSI Group","UK-QMS-2024-7710","1","0","4","","4669918","4b0e47bf-c36d-f111-ab0d-6045bd56e224","73fae3b2-a48c-f111-8076-000d3a81e01c"
"2d428a58-aa8c-f111-8076-002248eb7656","ISO/IEC 20000-1:2018","2025-10-08 00:00:00.0000000","","2028-10-07 00:00:00.0000000","21","ABNT Brazil","BR-ITSM-2025-4471","1","0","4","","4669917","4b0e47bf-c36d-f111-ab0d-6045bd56e224","72fae3b2-a48c-f111-8076-000d3a81e01c"
"2b428a58-aa8c-f111-8076-002248eb7656","ISO/IEC 27001:2022","2025-05-30 00:00:00.0000000","","2028-05-29 00:00:00.0000000","21","ABNT Brazil","BR-ISMS-2025-6602","1","0","4","","4669916","4b0e47bf-c36d-f111-ab0d-6045bd56e224","72fae3b2-a48c-f111-8076-000d3a81e01c"
"29428a58-aa8c-f111-8076-002248eb7656","ISO 9001:2015","2025-01-15 00:00:00.0000000","","2028-01-14 00:00:00.0000000","21","IRAM Argentina","AR-QMS-2025-2214","1","0","4","","4669915","4b0e47bf-c36d-f111-ab0d-6045bd56e224","71fae3b2-a48c-f111-8076-000d3a81e01c"
"27428a58-aa8c-f111-8076-002248eb7656","ISO/IEC 27001:2022","2024-04-09 00:00:00.0000000","","2027-04-08 00:00:00.0000000","21","IRAM Argentina","AR-ISMS-2024-1750","1","0","4","","4669914","4b0e47bf-c36d-f111-ab0d-6045bd56e224","71fae3b2-a48c-f111-8076-000d3a81e01c"
"25428a58-aa8c-f111-8076-002248eb7656","ISO/IEC 27001:2022","2025-02-20 00:00:00.0000000","","2028-02-19 00:00:00.0000000","21","INN Chile","CL-ISMS-2025-1183","1","0","4","","4669913","4b0e47bf-c36d-f111-ab0d-6045bd56e224","70fae3b2-a48c-f111-8076-000d3a81e01c"
"23428a58-aa8c-f111-8076-002248eb7656","PCI DSS Level 1 Service Provider","2025-10-05 00:00:00.0000000","","2026-10-04 00:00:00.0000000","21","ControlCase LatAm","PCI-L1-CL-2025-0331","1","0","4","","4669912","4b0e47bf-c36d-f111-ab0d-6045bd56e224","70fae3b2-a48c-f111-8076-000d3a81e01c"
"21428a58-aa8c-f111-8076-002248eb7656","SOC 2 Type II","2025-09-29 00:00:00.0000000","","2026-09-28 00:00:00.0000000","21","Deloitte Colombia","SOC2-2025-CBS-021","1","0","4","","4669911","4b0e47bf-c36d-f111-ab0d-6045bd56e224","6ffae3b2-a48c-f111-8076-000d3a81e01c"
"1f428a58-aa8c-f111-8076-002248eb7656","PCI DSS Level 1 Service Provider","2025-06-16 00:00:00.0000000","","2026-06-15 00:00:00.0000000","21","ControlCase LatAm","PCI-L1-CO-2025-0552","1","0","4","","4669910","4b0e47bf-c36d-f111-ab0d-6045bd56e224","6ffae3b2-a48c-f111-8076-000d3a81e01c"
"1d428a58-aa8c-f111-8076-002248eb7656","ISO 9001:2015","2025-01-22 00:00:00.0000000","","2028-01-21 00:00:00.0000000","21","ICONTEC Colombia","CO-QMS-2025-0912","1","0","4","","4669909","4b0e47bf-c36d-f111-ab0d-6045bd56e224","6ffae3b2-a48c-f111-8076-000d3a81e01c"
"1b428a58-aa8c-f111-8076-002248eb7656","ISO 9001:2015","2025-02-11 00:00:00.0000000","","2028-02-10 00:00:00.0000000","21","ANCE Mexico","MX-QMS-2025-1187","1","0","4","","4669908","4b0e47bf-c36d-f111-ab0d-6045bd56e224","6efae3b2-a48c-f111-8076-000d3a81e01c"
"19428a58-aa8c-f111-8076-002248eb7656","ISO/IEC 27001:2022","2024-08-15 00:00:00.0000000","","2027-08-14 00:00:00.0000000","21","NYCE Mexico","MX-ISMS-2024-2290","1","0","4","","4669907","4b0e47bf-c36d-f111-ab0d-6045bd56e224","6efae3b2-a48c-f111-8076-000d3a81e01c"
"17428a58-aa8c-f111-8076-002248eb7656","SOC 2 Type II","2025-11-03 00:00:00.0000000","","2026-11-02 00:00:00.0000000","21","A-LIGN","SOC2-2025-SCW-014","1","0","4","","4669906","4b0e47bf-c36d-f111-ab0d-6045bd56e224","6dfae3b2-a48c-f111-8076-000d3a81e01c"
"15428a58-aa8c-f111-8076-002248eb7656","ISO/IEC 27001:2022","2025-05-19 00:00:00.0000000","","2028-05-18 00:00:00.0000000","21","Schellman & Company","US-ISMS-2025-5502","1","0","4","","4669905","4b0e47bf-c36d-f111-ab0d-6045bd56e224","6dfae3b2-a48c-f111-8076-000d3a81e01c"
"13428a58-aa8c-f111-8076-002248eb7656","AWS Advanced Tier Services Partner","2026-01-10 00:00:00.0000000","","2026-12-31 00:00:00.0000000","21","Amazon Web Services","APN-ADV-2026-US-072","1","0","4","","4669904","4b0e47bf-c36d-f111-ab0d-6045bd56e224","6dfae3b2-a48c-f111-8076-000d3a81e01c"
"11428a58-aa8c-f111-8076-002248eb7656","ISO/IEC 27001:2022","2025-01-09 00:00:00.0000000","","2028-01-08 00:00:00.0000000","21","SAI Global Canada","CA-ISMS-2025-3321","1","0","4","","4669903","4b0e47bf-c36d-f111-ab0d-6045bd56e224","6cfae3b2-a48c-f111-8076-000d3a81e01c"
"0f428a58-aa8c-f111-8076-002248eb7656","ISO 9001:2015","2024-06-06 00:00:00.0000000","","2027-06-05 00:00:00.0000000","21","SAI Global Canada","CA-QMS-2024-4471","1","0","4","","4669902","4b0e47bf-c36d-f111-ab0d-6045bd56e224","6cfae3b2-a48c-f111-8076-000d3a81e01c"
"0d428a58-aa8c-f111-8076-002248eb7656","ISO/IEC 27701:2019","2025-09-14 00:00:00.0000000","","2028-09-13 00:00:00.0000000","21","BSI Group Canada","CA-PIMS-2025-1198","1","0","4","","4669901","4b0e47bf-c36d-f111-ab0d-6045bd56e224","6bfae3b2-a48c-f111-8076-000d3a81e01c"
"0b428a58-aa8c-f111-8076-002248eb7656","ISO/IEC 27001:2022","2025-02-18 00:00:00.0000000","","2028-02-17 00:00:00.0000000","21","BSI Group Canada","CA-ISMS-2025-1183","1","0","4","","4669900","4b0e47bf-c36d-f111-ab0d-6045bd56e224","6bfae3b2-a48c-f111-8076-000d3a81e01c"
"09428a58-aa8c-f111-8076-002248eb7656","ISO 9001:2015","2025-04-02 00:00:00.0000000","","2028-04-01 00:00:00.0000000","21","Schellman & Company","US-QMS-2025-4471","1","0","4","","4669899","4b0e47bf-c36d-f111-ab0d-6045bd56e224","6afae3b2-a48c-f111-8076-000d3a81e01c"
"07428a58-aa8c-f111-8076-002248eb7656","ISO/IEC 27001:2022","2024-11-20 00:00:00.0000000","","2027-11-19 00:00:00.0000000","21","Schellman & Company","US-ISMS-2024-6640","1","0","4","","4669898","4b0e47bf-c36d-f111-ab0d-6045bd56e224","6afae3b2-a48c-f111-8076-000d3a81e01c"
"05428a58-aa8c-f111-8076-002248eb7656","SOC 2 Type II","2025-11-10 00:00:00.0000000","","2026-11-09 00:00:00.0000000","21","Schellman & Company","SOC2-2025-ICD-009","1","0","4","","4669897","4b0e47bf-c36d-f111-ab0d-6045bd56e224","69fae3b2-a48c-f111-8076-000d3a81e01c"
"03428a58-aa8c-f111-8076-002248eb7656","ISO/IEC 27001:2022","2024-09-15 00:00:00.0000000","","2027-09-14 00:00:00.0000000","21","Schellman & Company","US-ISMS-2024-5521","1","0","4","","4669896","4b0e47bf-c36d-f111-ab0d-6045bd56e224","69fae3b2-a48c-f111-8076-000d3a81e01c"
"01428a58-aa8c-f111-8076-002248eb7656","CREST Accredited Penetration Testing","2025-03-14 00:00:00.0000000","","2027-03-13 00:00:00.0000000","21","CREST","CREST-PT-US-2205","1","0","4","","4669895","4b0e47bf-c36d-f111-ab0d-6045bd56e224","69fae3b2-a48c-f111-8076-000d3a81e01c"
"ff418a58-aa8c-f111-8076-002248eb7656","ISO/IEC 27001:2022","2025-03-10 00:00:00.0000000","","2028-03-09 00:00:00.0000000","21","BSI Group America","US-ISMS-2025-2207","1","0","4","","4669894","4b0e47bf-c36d-f111-ab0d-6045bd56e224","68fae3b2-a48c-f111-8076-000d3a81e01c"
"fd418a58-aa8c-f111-8076-002248eb7656","ISO 9001:2015","2024-09-01 00:00:00.0000000","","2027-08-31 00:00:00.0000000","21","BSI Group America","US-QMS-2024-3312","1","0","4","","4669893","4b0e47bf-c36d-f111-ab0d-6045bd56e224","68fae3b2-a48c-f111-8076-000d3a81e01c"
"fb418a58-aa8c-f111-8076-002248eb7656","AWS Advanced Tier Services Partner","2026-02-01 00:00:00.0000000","","2026-12-31 00:00:00.0000000","21","Amazon Web Services","APN-ADV-2026-US-118","1","0","4","","4669892","4b0e47bf-c36d-f111-ab0d-6045bd56e224","67fae3b2-a48c-f111-8076-000d3a81e01c"
"f9418a58-aa8c-f111-8076-002248eb7656","SOC 2 Type II","2025-08-01 00:00:00.0000000","","2026-07-31 00:00:00.0000000","21","Moss Adams LLP","SOC2-2025-CAS-004","1","0","4","","4669890","4b0e47bf-c36d-f111-ab0d-6045bd56e224","67fae3b2-a48c-f111-8076-000d3a81e01c"
"f7418a58-aa8c-f111-8076-002248eb7656","ISO/IEC 27001:2022","2024-05-10 00:00:00.0000000","","2027-05-09 00:00:00.0000000","21","TUV SUD America","US-ISMS-2024-8801","1","0","4","","4669889","4b0e47bf-c36d-f111-ab0d-6045bd56e224","67fae3b2-a48c-f111-8076-000d3a81e01c"
