new_aiextracted,new_country,new_hasactivecontract,new_headcount,new_headquarterslocation,importsequencenumber,new_industry,new_legalname,new_overview,new_sourcecitations,new_source,statuscode,statecode,timezoneruleversionnumber,utcconversiontimezonecode,new_vendorid,new_vendorname,new_vendorstatus,versionnumber,new_websitedomain,owningbusinessunit,new_businessdomains,new_capabilities,new_regionaloperatingcapacity
False,Ghana,False,150,Accra,,Financial Technology,Accra Digital Exchange Ltd,Accra fintech consultancy building automated KYC and onboarding tools for West African banks.,,1,1,0,,,9dfae3b2-a48c-f111-8076-000d3a81e01c,Accra Digital Exchange,Registered,4658491,accradigitalexchange.com.gh,4b0e47bf-c36d-f111-ab0d-6045bd56e224,Financial Services;Retail & Consumer,Machine Learning;RPA,Ghana;Nigeria;Ivory Coast
False,Switzerland,False,150,Zurich,,Consulting,Alpine Assurance Partners AG,Zurich advisory boutique supporting compliance transformation for private banks and insurers.,,1,1,0,,,83fae3b2-a48c-f111-8076-000d3a81e01c,Alpine Assurance Partners,Registered,4658465,alpineassurance.ch,4b0e47bf-c36d-f111-ab0d-6045bd56e224,Financial Services;Healthcare,Data Governance;Change Management,Switzerland;Liechtenstein
False,Jordan,False,140,Amman,,Information Technology,Amman Cloud Circle LLC,Amman-based cloud reseller and managed services provider for Levant region retailers.,,1,1,0,,,95fae3b2-a48c-f111-8076-000d3a81e01c,Amman Cloud Circle,Registered,4658483,ammancloudcircle.jo,4b0e47bf-c36d-f111-ab0d-6045bd56e224,Retail & Consumer;Public Sector,Cloud Migration;Managed Services,Jordan;Palestine
True,Thailand,False,120,Phuket,,Engineering Services,Andaman Coast Networks Co Ltd,Phuket engineering firm connecting offshore energy platforms and coastal logistics networks.,"[""https://andamancoastnetworks.co.th/services"",""https://www.linkedin.com/company/andaman-coast-networks""]",0,1,0,,,b9fae3b2-a48c-f111-8076-000d3a81e01c,Andaman Coast Networks,Potential,4658519,andamancoastnetworks.co.th,4b0e47bf-c36d-f111-ab0d-6045bd56e224,Transport & Logistics;Energy & Utilities,Network Infrastructure;Integration & APIs,Thailand;Myanmar
True,Chile,False,150,Santiago,,Financial Technology,Andes Fintech Labs SpA,Santiago-based open banking specialist building payment connectors for Andean regional banks.,"[""https://andesfintechlabs.cl/producto"",""https://www.gartner.com/reviews/market/fintech-latam""]",0,1,0,,,70fae3b2-a48c-f111-8076-000d3a81e01c,Andes Fintech Labs,Potential,4658446,andesfintechlabs.cl,4b0e47bf-c36d-f111-ab0d-6045bd56e224,Financial Services,Application Development;Integration & APIs;Machine Learning,Chile;Peru;Argentina
False,New Zealand,False,160,Wellington,,Information Technology,Aotearoa Cloud Collective Ltd,Wellington cloud provider migrating retail and government workloads to sovereign cloud regions.,,1,1,0,,,bcfae3b2-a48c-f111-8076-000d3a81e01c,Aotearoa Cloud Collective,Registered,4658522,aotearoacloud.co.nz,4b0e47bf-c36d-f111-ab0d-6045bd56e224,Retail & Consumer;Public Sector,Cloud Migration;Managed Services,New Zealand;Australia
False,United States,False,290,Charlotte,,Information Technology,Appalachian Managed IT LLC,Charlotte managed services provider running SOC coverage for regional hospital networks.,,1,1,0,,,befae3b2-a48c-f111-8076-000d3a81e01c,Appalachian Managed IT,Registered,4658524,appalachianmanagedit.com,4b0e47bf-c36d-f111-ab0d-6045bd56e224,Healthcare;Public Sector,Managed Services;Cybersecurity Operations,United States
True,Morocco,False,190,Casablanca,,Information Technology,Atlas Mountain Software SARL,Casablanca nearshore software vendor serving Francophone telecom and government clients.,"[""https://atlasmountainsoftware.ma/fr/apropos"",""https://www.linkedin.com/company/atlas-mountain-software""]",0,1,0,,,9cfae3b2-a48c-f111-8076-000d3a81e01c,Atlas Mountain Software,Potential,4658490,atlasmountainsoftware.ma,4b0e47bf-c36d-f111-ab0d-6045bd56e224,Public Sector;Telecommunications,Application Development;Test Automation,Morocco;Tunisia;Algeria
False,Lithuania,False,130,Vilnius,,Professional Services,Baltic Amber Analytics UAB,Vilnius analytics house supporting Baltic states energy grid reporting modernisation.,,1,1,0,,,8ffae3b2-a48c-f111-8076-000d3a81e01c,Baltic Amber Analytics,Registered,4658477,balticamberanalytics.lt,4b0e47bf-c36d-f111-ab0d-6045bd56e224,Energy & Utilities;Public Sector,Data Engineering;Business Intelligence,Lithuania;Latvia;Estonia
False,Finland,False,140,Helsinki,,Cybersecurity,Baltic Sea Cyber Labs Oy,Helsinki security lab providing identity modernisation for Nordic telecom operators.,,1,1,0,,,87fae3b2-a48c-f111-8076-000d3a81e01c,Baltic Sea Cyber Labs,Registered,4658469,balticseacyberlabs.fi,4b0e47bf-c36d-f111-ab0d-6045bd56e224,Public Sector;Telecommunications,Cybersecurity Operations;Identity & Access Management,Finland;Estonia;Sweden
True,Netherlands,False,350,Amsterdam,,Information Technology,Batavia Cloud Studio B.V.,Amsterdam cloud-native consultancy running SRE retainers for retail and government platforms.,"[""https://bataviacloudstudio.nl/over-ons"",""https://www.crunchbase.com/organization/batavia-cloud-studio""]",0,1,0,,,7cfae3b2-a48c-f111-8076-000d3a81e01c,Batavia Cloud Studio,Potential,4658458,bataviacloudstudio.nl,4b0e47bf-c36d-f111-ab0d-6045bd56e224,Retail & Consumer;Public Sector,Cloud Migration;DevOps Automation;Site Reliability Engineering,Netherlands;Belgium
False,Germany,False,260,Munich,,Cybersecurity,Bavarian Cyber Guard AG,Munich-based security testing firm serving DACH region automotive and banking clients.,,1,1,0,,,7bfae3b2-a48c-f111-8076-000d3a81e01c,Bavarian Cyber Guard,Registered,4658457,bavariancyberguard.de,4b0e47bf-c36d-f111-ab0d-6045bd56e224,Manufacturing;Financial Services,Cybersecurity Operations;Penetration Testing,Germany;Austria;Switzerland
True,United Kingdom,False,175,Belfast,,Telecommunications,Belfast Harbour Tech Ltd,Northern Irish network integrator supporting port authority and logistics connectivity upgrades.,"[""https://belfastharbourtech.co.uk/services"",""https://www.linkedin.com/company/belfast-harbour-tech""]",0,1,0,,,78fae3b2-a48c-f111-8076-000d3a81e01c,Belfast Harbour Tech,Potential,4658454,belfastharbourtech.co.uk,4b0e47bf-c36d-f111-ab0d-6045bd56e224,Transport & Logistics;Public Sector,Network Infrastructure;Managed Services,United Kingdom;Ireland
True,Germany,False,420,Berlin,,Information Technology,Berliner Datenwerk GmbH,Berlin data engineering studio building smart-city analytics for municipal telecom infrastructure.,"[""https://berlinerdatenwerk.de/leistungen"",""https://www.linkedin.com/company/berliner-datenwerk""]",0,1,0,,,7afae3b2-a48c-f111-8076-000d3a81e01c,Berliner Datenwerk,Potential,4658456,berlinerdatenwerk.de,4b0e47bf-c36d-f111-ab0d-6045bd56e224,Public Sector;Telecommunications,Data Engineering;Business Intelligence;Machine Learning,Germany;Poland
False,United States,False,640,Boston,,Consulting,Blue Harbor Consulting LLC,Boutique advisory firm supporting regulatory change and data governance programmes for New England financial institutions.,,1,1,0,,,68fae3b2-a48c-f111-8076-000d3a81e01c,Blue Harbor Consulting,Registered,4658438,blueharborconsulting.com,4b0e47bf-c36d-f111-ab0d-6045bd56e224,Financial Services;Public Sector,Change Management;Data Governance;Business Intelligence,United States
True,Malaysia,False,130,Kota Kinabalu,,Professional Services,Borneo Rainforest Data Sdn Bhd,Kota Kinabalu analytics boutique supporting palm oil and energy sector ESG reporting.,"[""https://borneorainforestdata.my/about"",""https://www.linkedin.com/company/borneo-rainforest-data""]",0,1,0,,,b1fae3b2-a48c-f111-8076-000d3a81e01c,Borneo Rainforest Data,Potential,4658511,borneorainforestdata.my,4b0e47bf-c36d-f111-ab0d-6045bd56e224,Energy & Utilities;Public Sector,Data Engineering;Business Intelligence,Malaysia;Brunei
True,Turkiye,False,380,Istanbul,,Financial Technology,Bosphorus Bridge IT A.S.,Istanbul fintech integrator connecting regional payment rails for retail lenders.,"[""https://bosphorusbridgeit.com.tr/hakkimizda"",""https://www.gartner.com/reviews/market/fintech-turkey""]",0,1,0,,,8cfae3b2-a48c-f111-8076-000d3a81e01c,Bosphorus Bridge IT,Potential,4658474,bosphorusbridgeit.com.tr,4b0e47bf-c36d-f111-ab0d-6045bd56e224,Financial Services;Retail & Consumer,Integration & APIs;Machine Learning,Turkiye;Greece
False,South Korea,False,310,Busan,,Information Technology,Busan Port Digital Co Ltd,Busan systems integrator digitising port authority cargo tracking platforms.,,1,1,0,,,aefae3b2-a48c-f111-8076-000d3a81e01c,Busan Port Digital,Registered,4658508,busanportdigital.co.kr,4b0e47bf-c36d-f111-ab0d-6045bd56e224,Transport & Logistics;Public Sector,Integration & APIs;Data Engineering,South Korea;Japan
True,South Africa,False,260,Cape Town,,Cybersecurity,Cape Winelands Cyber Pty Ltd,Cape Town security firm delivering identity modernisation for regional government and banks.,"[""https://capewinelandscyber.co.za/services"",""https://www.gartner.com/reviews/market/mssp-south-africa""]",0,1,0,,,9afae3b2-a48c-f111-8076-000d3a81e01c,Cape Winelands Cyber,Potential,4658488,capewinelandscyber.co.za,4b0e47bf-c36d-f111-ab0d-6045bd56e224,Public Sector;Financial Services,Cybersecurity Operations;Identity & Access Management,South Africa;Namibia
True,Romania,False,260,Bucharest,,Information Technology,Carpathian Cloud Ops SRL,Bucharest managed cloud provider serving public-sector and energy clients across the Balkans.,"[""https://carpathiancloudops.ro/servicii"",""https://www.crunchbase.com/organization/carpathian-cloud-ops""]",0,1,0,,,8afae3b2-a48c-f111-8076-000d3a81e01c,Carpathian Cloud Ops,Potential,4658472,carpathiancloudops.ro,4b0e47bf-c36d-f111-ab0d-6045bd56e224,Public Sector;Energy & Utilities,Cloud Migration;Managed Services,Romania;Bulgaria
True,Colombia,False,1250,Cartagena,,Business Process Outsourcing,Cartagena BPO Solutions SAS,Nearshore contact centre and back-office operator expanding automation-led services for US retail brands.,"[""https://cartagenabpo.com.co/en"",""https://www.linkedin.com/company/cartagena-bpo""]",0,1,0,,,6ffae3b2-a48c-f111-8076-000d3a81e01c,Cartagena BPO Solutions,Potential,4658445,cartagenabpo.com.co,4b0e47bf-c36d-f111-ab0d-6045bd56e224,Retail & Consumer;Financial Services,Managed Services;RPA;Document Intelligence,Colombia;Mexico;United States
True,United States,False,310,Seattle,,Information Technology,Cascade Robotics Inc,Applied robotics and RPA integrator serving Pacific Northwest manufacturers and logistics operators.,"[""https://cascaderobotics.com/about"",""https://www.linkedin.com/company/cascade-robotics""]",0,1,0,,,67fae3b2-a48c-f111-8076-000d3a81e01c,Cascade Robotics,Potential,4658437,cascaderobotics.com,4b0e47bf-c36d-f111-ab0d-6045bd56e224,Manufacturing;Transport & Logistics,RPA;Machine Learning;Application Development,United States;Canada
False,Sri Lanka,False,95,Colombo,,Professional Services,Ceylon Tea Analytics Pvt Ltd,Colombo analytics boutique supporting export supply-chain reporting for plantation groups.,,1,1,0,,,a6fae3b2-a48c-f111-8076-000d3a81e01c,Ceylon Tea Analytics,Registered,4658500,ceylonteaanalytics.lk,4b0e47bf-c36d-f111-ab0d-6045bd56e224,Retail & Consumer;Transport & Logistics,Data Engineering;Business Intelligence,Sri Lanka;Maldives
False,Thailand,False,260,Bangkok,,Financial Technology,Chao Phraya Fintech Co Ltd,Bangkok fintech studio building microlending scoring models for Mekong region lenders.,,1,1,0,,,b8fae3b2-a48c-f111-8076-000d3a81e01c,Chao Phraya Fintech,Registered,4658518,chaophrayafintech.co.th,4b0e47bf-c36d-f111-ab0d-6045bd56e224,Financial Services,Application Development;Machine Learning,Thailand;Laos;Cambodia
True,Brazil,False,530,Rio de Janeiro,,Information Technology,Copacabana Cloud Partners Ltda,Rio-based managed cloud provider serving retail chains and telecom operators across the Mercosul region.,"[""https://copacabanacloud.com.br/servicos"",""https://www.linkedin.com/company/copacabana-cloud-partners""]",0,1,0,,,72fae3b2-a48c-f111-8076-000d3a81e01c,Copacabana Cloud Partners,Potential,4658448,copacabanacloud.com.br,4b0e47bf-c36d-f111-ab0d-6045bd56e224,Retail & Consumer;Telecommunications,Cloud Migration;Managed Services;Cybersecurity Operations,Brazil;Argentina
True,Malaysia,False,105,Kuching,,Professional Services,Coral Triangle Data Sdn Bhd,Kuching analytics boutique supporting offshore energy and maritime logistics reporting in Borneo waters.,"[""https://coraltriangledata.my/about"",""https://www.linkedin.com/company/coral-triangle-data""]",0,1,0,,,c9fae3b2-a48c-f111-8076-000d3a81e01c,Coral Triangle Data,Potential,4658535,coraltriangledata.my,4b0e47bf-c36d-f111-ab0d-6045bd56e224,Energy & Utilities;Transport & Logistics,Data Engineering;Business Intelligence,Malaysia;Brunei;Indonesia
False,Philippines,False,2100,Baguio,,Business Process Outsourcing,Cordillera BPO Group Inc,Baguio outsourcing provider handling claims processing for retail and health insurance clients.,,1,1,0,,,b4fae3b2-a48c-f111-8076-000d3a81e01c,Cordillera BPO Group,Registered,4658514,cordillerabpo.ph,4b0e47bf-c36d-f111-ab0d-6045bd56e224,Retail & Consumer;Healthcare,Managed Services;RPA;Document Intelligence,Philippines;Australia
True,Austria,False,210,Vienna,,Information Technology,Danube Software House GmbH,Vienna software house building citizen services portals for Central European ministries.,"[""https://danubesoftwarehouse.at/leistungen"",""https://www.linkedin.com/company/danube-software-house""]",0,1,0,,,84fae3b2-a48c-f111-8076-000d3a81e01c,Danube Software House,Potential,4658466,danubesoftwarehouse.at,4b0e47bf-c36d-f111-ab0d-6045bd56e224,Public Sector;Education,Application Development;Test Automation,Austria;Slovakia;Hungary
False,India,False,1650,Hyderabad,,Information Technology,Deccan Cloud Systems Pvt Ltd,Hyderabad cloud engineering house running SRE retainers for retail and manufacturing enterprises.,,1,1,0,,,a0fae3b2-a48c-f111-8076-000d3a81e01c,Deccan Cloud Systems,Registered,4658494,deccancloudsystems.in,4b0e47bf-c36d-f111-ab0d-6045bd56e224,Retail & Consumer;Manufacturing,Cloud Migration;DevOps Automation;Site Reliability Engineering,India;United Arab Emirates
False,Ukraine,False,340,Lviv,,Information Technology,Dnipro Digital Forge LLC,Lviv engineering house providing nearshore application development for European telecom clients.,,1,1,0,,,8bfae3b2-a48c-f111-8076-000d3a81e01c,Dnipro Digital Forge,Registered,4658473,dniprodigitalforge.com,4b0e47bf-c36d-f111-ab0d-6045bd56e224,Manufacturing;Telecommunications,Application Development;Test Automation,Ukraine;Poland
True,Qatar,False,170,Doha,,Professional Services,Doha Harbor Analytics WLL,Doha analytics consultancy supporting LNG logistics and port operations reporting.,"[""https://dohaharboranalytics.qa/insights"",""https://www.crunchbase.com/organization/doha-harbor-analytics""]",0,1,0,,,92fae3b2-a48c-f111-8076-000d3a81e01c,Doha Harbor Analytics,Potential,4658480,dohaharboranalytics.qa,4b0e47bf-c36d-f111-ab0d-6045bd56e224,Energy & Utilities;Transport & Logistics,Data Engineering;Business Intelligence,Qatar;United Arab Emirates
True,Ireland,False,310,Dublin,,Professional Services,Dublin Bay Analytics DAC,Dublin analytics house building regulatory data marts for financial services and health insurers.,"[""https://dublinbayanalytics.ie/insights"",""https://www.crunchbase.com/organization/dublin-bay-analytics""]",0,1,0,,,76fae3b2-a48c-f111-8076-000d3a81e01c,Dublin Bay Analytics,Potential,4658452,dublinbayanalytics.ie,4b0e47bf-c36d-f111-ab0d-6045bd56e224,Financial Services;Healthcare,Data Engineering;Business Intelligence;Data Governance,Ireland;United Kingdom
False,Norway,False,260,Bergen,,Information Technology,Fjord Line Cloud AS,Bergen-based cloud provider supporting offshore energy and maritime logistics operators.,,1,1,0,,,85fae3b2-a48c-f111-8076-000d3a81e01c,Fjord Line Cloud,Registered,4658467,fjordlinecloud.no,4b0e47bf-c36d-f111-ab0d-6045bd56e224,Energy & Utilities;Transport & Logistics,Cloud Migration;Data Engineering,Norway;Sweden
False,Belgium,False,230,Antwerp,,Information Technology,Flanders Field Robotics NV,Antwerp port-logistics automation vendor building warehouse robotics orchestration software.,,1,1,0,,,7dfae3b2-a48c-f111-8076-000d3a81e01c,Flanders Field Robotics,Registered,4658459,flandersfieldrobotics.be,4b0e47bf-c36d-f111-ab0d-6045bd56e224,Manufacturing;Transport & Logistics,RPA;Application Development;Machine Learning,Belgium;Netherlands;France
False,Canada,False,260,Vancouver,,Telecommunications,Fraser Valley Networks Ltd,Western Canadian network integrator providing managed WAN and edge connectivity for logistics hubs.,,1,1,0,,,6cfae3b2-a48c-f111-8076-000d3a81e01c,Fraser Valley Networks,Registered,4658442,fraservalleynetworks.ca,4b0e47bf-c36d-f111-ab0d-6045bd56e224,Telecommunications;Transport & Logistics,Network Infrastructure;Managed Services,Canada
False,Japan,False,260,Osaka,,Software Publishing,Fuji Cloud Innovations KK,Osaka cloud product studio shipping conversational commerce tools for retail brands.,,1,1,0,,,acfae3b2-a48c-f111-8076-000d3a81e01c,Fuji Cloud Innovations,Registered,4658506,fujicloudinnovations.co.jp,4b0e47bf-c36d-f111-ab0d-6045bd56e224,Retail & Consumer;Telecommunications,Cloud Migration;Conversational AI,Japan;South Korea
False,Israel,False,210,Tel Aviv,,Cybersecurity,Galilee Cyber Works Ltd,Tel Aviv security research firm offering penetration testing for regional banks and telcos.,,1,1,0,,,93fae3b2-a48c-f111-8076-000d3a81e01c,Galilee Cyber Works,Registered,4658481,galileecyberworks.co.il,4b0e47bf-c36d-f111-ab0d-6045bd56e224,Financial Services;Telecommunications,Cybersecurity Operations;Penetration Testing;Identity & Access Management,Israel;Cyprus
True,India,False,890,Kolkata,,Information Technology,Ganges Data Foundry Pvt Ltd,Kolkata data platform vendor building governed lakehouses for regional banks and hospital groups.,"[""https://gangesdatafoundry.in/solutions"",""https://www.linkedin.com/company/ganges-data-foundry""]",0,1,0,,,a1fae3b2-a48c-f111-8076-000d3a81e01c,Ganges Data Foundry,Potential,4658495,gangesdatafoundry.in,4b0e47bf-c36d-f111-ab0d-6045bd56e224,Financial Services;Healthcare,Data Engineering;Business Intelligence;Data Governance,India;Bangladesh
True,Turkiye,False,220,Izmir,,Information Technology,Golden Horn Cloud A.S.,Izmir cloud provider serving retail chains and telecom operators across the Aegean region.,"[""https://goldenhorncloud.com.tr/hakkinda"",""https://www.linkedin.com/company/golden-horn-cloud""]",0,1,0,,,c7fae3b2-a48c-f111-8076-000d3a81e01c,Golden Horn Cloud,Potential,4658533,goldenhorncloud.com.tr,4b0e47bf-c36d-f111-ab0d-6045bd56e224,Retail & Consumer;Telecommunications,Cloud Migration;Managed Services,Turkiye;Greece
False,United States,False,780,Chicago,,Professional Services,Great Lakes ERP Partners LLC,Midwest SAP and Oracle implementation partner focused on discrete manufacturing clients.,,1,1,0,,,6afae3b2-a48c-f111-8076-000d3a81e01c,Great Lakes ERP Partners,Registered,4658440,greatlakeserp.com,4b0e47bf-c36d-f111-ab0d-6045bd56e224,Manufacturing,ERP Implementation;Change Management;Integration & APIs,United States
True,United States,False,180,Omaha,,Professional Services,Great Plains Data Bureau LLC,Omaha analytics bureau supporting agricultural and utilities data modernisation for Midwest agencies.,"[""https://greatplainsdatabureau.com/about"",""https://www.linkedin.com/company/great-plains-data-bureau""]",0,1,0,,,bdfae3b2-a48c-f111-8076-000d3a81e01c,Great Plains Data Bureau,Potential,4658523,greatplainsdatabureau.com,4b0e47bf-c36d-f111-ab0d-6045bd56e224,Public Sector;Energy & Utilities,Data Engineering;Business Intelligence,United States
True,Brazil,False,260,Rio de Janeiro,,Financial Technology,Guanabara Fintech Labs Ltda,Rio fintech studio building credit-risk models for regional digital banks.,"[""https://guanabarafintechlabs.com.br/sobre"",""https://www.crunchbase.com/organization/guanabara-fintech-labs""]",0,1,0,,,c5fae3b2-a48c-f111-8076-000d3a81e01c,Guanabara Fintech Labs,Potential,4658531,guanabarafintechlabs.com.br,4b0e47bf-c36d-f111-ab0d-6045bd56e224,Financial Services,Application Development;Machine Learning,Brazil;Uruguay
True,Vietnam,False,210,Haiphong,,Information Technology,Halong Bay Cloud Works JSC,Haiphong cloud provider serving telecom and retail clients across northern Vietnam.,"[""https://halongbaycloudworks.vn/en"",""https://www.linkedin.com/company/halong-bay-cloud-works""]",0,1,0,,,b7fae3b2-a48c-f111-8076-000d3a81e01c,Halong Bay Cloud Works,Potential,4658517,halongbaycloudworks.vn,4b0e47bf-c36d-f111-ab0d-6045bd56e224,Telecommunications;Retail & Consumer,Cloud Migration;Managed Services,Vietnam;China
True,United Kingdom,False,190,Edinburgh,,Cybersecurity,Highland Security Partners Ltd,Edinburgh-based security testing firm serving Scottish public sector and energy operators.,"[""https://highlandsecuritypartners.co.uk/about"",""https://www.linkedin.com/company/highland-security-partners""]",0,1,0,,,74fae3b2-a48c-f111-8076-000d3a81e01c,Highland Security Partners,Potential,4658450,highlandsecuritypartners.co.uk,4b0e47bf-c36d-f111-ab0d-6045bd56e224,Public Sector;Energy & Utilities,Cybersecurity Operations;Penetration Testing;Identity & Access Management,United Kingdom
False,South Africa,False,410,Johannesburg,,Information Technology,Highveld Managed Services Pty Ltd,Johannesburg managed IT provider supporting mining and utilities operations across Southern Africa.,,1,1,0,,,9bfae3b2-a48c-f111-8076-000d3a81e01c,Highveld Managed Services,Registered,4658489,highveldmanaged.co.za,4b0e47bf-c36d-f111-ab0d-6045bd56e224,Manufacturing;Energy & Utilities,Managed Services;Network Infrastructure,South Africa;Botswana;Zambia
True,Japan,False,140,Sapporo,,Engineering Services,Hokkaido Field Systems Co Ltd,Sapporo engineering firm maintaining rural network infrastructure for utilities and logistics clients.,"[""https://hokkaidofieldsystems.co.jp/en/about"",""https://www.linkedin.com/company/hokkaido-field-systems""]",0,1,0,,,adfae3b2-a48c-f111-8076-000d3a81e01c,Hokkaido Field Systems,Potential,4658507,hokkaidofieldsystems.co.jp,4b0e47bf-c36d-f111-ab0d-6045bd56e224,Energy & Utilities;Transport & Logistics,Network Infrastructure;Managed Services,Japan
False,Pakistan,False,220,Lahore,,Telecommunications,Indus Valley Networks Pvt Ltd,Lahore network integrator supporting telecom backbone and government connectivity projects.,,1,1,0,,,a4fae3b2-a48c-f111-8076-000d3a81e01c,Indus Valley Networks,Registered,4658498,indusvalleynetworks.com.pk,4b0e47bf-c36d-f111-ab0d-6045bd56e224,Telecommunications;Public Sector,Network Infrastructure;Managed Services,Pakistan;Afghanistan
True,United States,False,220,Austin,,Cybersecurity,Ironclad Cyber Defense Inc,Managed security provider offering continuous penetration testing and identity modernisation for critical infrastructure operators.,"[""https://ironcladcyberdefense.com/services"",""https://www.gartner.com/reviews/market/mssp-north-america""]",0,1,0,,,69fae3b2-a48c-f111-8076-000d3a81e01c,Ironclad Cyber Defense,Potential,4658439,ironcladcyberdefense.com,4b0e47bf-c36d-f111-ab0d-6045bd56e224,Public Sector;Energy & Utilities,Cybersecurity Operations;Penetration Testing;Identity & Access Management,United States;Canada;Mexico
False,Taiwan,False,480,Taichung,,Information Technology,Jade Mountain Robotics Co Ltd,Taichung automation vendor deploying precision-manufacturing robotics orchestration.,,1,1,0,,,c8fae3b2-a48c-f111-8076-000d3a81e01c,Jade Mountain Robotics,Registered,4658534,jademountainrobotics.tw,4b0e47bf-c36d-f111-ab0d-6045bd56e224,Manufacturing,RPA;Machine Learning,Taiwan;China
True,South Korea,False,190,Seoul,,Software Publishing,Jeju Conversational Labs Inc,Seoul AI product house building multilingual conversational agents for retail and health clients.,"[""https://jejuconversationallabs.co.kr/en"",""https://www.crunchbase.com/organization/jeju-conversational-labs""]",0,1,0,,,affae3b2-a48c-f111-8076-000d3a81e01c,Jeju Conversational Labs,Potential,4658509,jejuconversationallabs.co.kr,4b0e47bf-c36d-f111-ab0d-6045bd56e224,Retail & Consumer;Healthcare,Conversational AI;Machine Learning,South Korea
True,Pakistan,False,180,Islamabad,,Professional Services,Karakoram Systems Group Pvt Ltd,Islamabad ERP integrator supporting federal ministry finance transformation.,"[""https://karakoramsystems.com.pk/services"",""https://www.linkedin.com/company/karakoram-systems-group""]",0,1,0,,,a7fae3b2-a48c-f111-8076-000d3a81e01c,Karakoram Systems Group,Potential,4658501,karakoramsystems.com.pk,4b0e47bf-c36d-f111-ab0d-6045bd56e224,Public Sector;Energy & Utilities,ERP Implementation;Managed Services,Pakistan
False,Slovenia,False,95,Ljubljana,,Information Technology,Karst Plateau Software d.o.o.,Ljubljana software vendor connecting manufacturing ERP systems for Alpine-Adriatic clients.,,1,1,0,,,c2fae3b2-a48c-f111-8076-000d3a81e01c,Karst Plateau Software,Registered,4658528,karstplateausoftware.si,4b0e47bf-c36d-f111-ab0d-6045bd56e224,Public Sector;Manufacturing,Application Development;Integration & APIs,Slovenia;Croatia;Austria
True,Tanzania,False,130,Dar es Salaam,,Information Technology,Kilimanjaro Cloud Base Ltd,Dar es Salaam cloud consultancy supporting logistics and mining sector data platforms.,"[""https://kilimanjarocloudbase.co.tz/services"",""https://www.linkedin.com/company/kilimanjaro-cloud-base""]",0,1,0,,,9efae3b2-a48c-f111-8076-000d3a81e01c,Kilimanjaro Cloud Base,Potential,4658492,kilimanjarocloudbase.co.tz,4b0e47bf-c36d-f111-ab0d-6045bd56e224,Transport & Logistics;Energy & Utilities,Cloud Migration;Data Engineering,Tanzania;Kenya
False,Hong Kong SAR,False,160,Hong Kong,,Consulting,Kowloon Bay Advisory Ltd,Hong Kong advisory boutique supporting regulatory reporting transformation for regional banks.,,1,1,0,,,aafae3b2-a48c-f111-8076-000d3a81e01c,Kowloon Bay Advisory,Registered,4658504,kowloonbayadvisory.hk,4b0e47bf-c36d-f111-ab0d-6045bd56e224,Financial Services,Data Governance;Change Management,Hong Kong SAR;China
False,Nigeria,False,340,Lagos,,Financial Technology,Lagos Lagoon Tech Ltd,Lagos fintech integrator connecting mobile money rails for West African retailers.,,1,1,0,,,99fae3b2-a48c-f111-8076-000d3a81e01c,Lagos Lagoon Tech,Registered,4658487,lagoslagoontech.ng,4b0e47bf-c36d-f111-ab0d-6045bd56e224,Financial Services;Retail & Consumer,Application Development;Integration & APIs,Nigeria;Ghana
False,Portugal,False,180,Lisbon,,Information Technology,Lisboa Cloud Bridge Lda,Lisbon systems integrator connecting legacy telecom billing systems to cloud platforms.,,1,1,0,,,81fae3b2-a48c-f111-8076-000d3a81e01c,Lisboa Cloud Bridge,Registered,4658463,lisboacloudbridge.pt,4b0e47bf-c36d-f111-ab0d-6045bd56e224,Telecommunications;Public Sector,Cloud Migration;Integration & APIs,Portugal;Spain
False,France,False,340,Nantes,,Engineering Services,Loire Valley Engineering SAS,Nantes engineering firm supporting aerospace supplier software assurance programmes.,,1,1,0,,,c0fae3b2-a48c-f111-8076-000d3a81e01c,Loire Valley Engineering,Registered,4658526,loirevalleyengineering.fr,4b0e47bf-c36d-f111-ab0d-6045bd56e224,Aviation;Manufacturing,Application Development;Site Reliability Engineering,France;Spain
True,France,False,1120,Toulouse,,Engineering Services,Lumiere Ingenierie SAS,"Toulouse aerospace software engineering firm with safety-critical development experience, surfaced again through external market discovery.","[""https://lumiere-ing.fr/en/about"",""https://www.linkedin.com/company/lumiere-ingenierie""]",0,1,0,,,a56ec1b0-a48c-f111-8076-000d3a80923d,Lumière Ingénierie,Registered,4658403,lumiere-ing.fr,4b0e47bf-c36d-f111-ab0d-6045bd56e224,Aviation;Manufacturing,Site Reliability Engineering;DevOps Automation;Application Development,France;Spain
True,Spain,False,560,Madrid,,Information Technology,Madrid Managed Services SA,Madrid managed services provider running SOC and network operations for regional retailers.,"[""https://madridmanagedservices.es/servicios"",""https://www.gartner.com/reviews/market/mssp-iberia""]",0,1,0,,,80fae3b2-a48c-f111-8076-000d3a81e01c,Madrid Managed Services,Potential,4658462,madridmanagedservices.es,4b0e47bf-c36d-f111-ab0d-6045bd56e224,Public Sector;Retail & Consumer,Managed Services;Cybersecurity Operations;Network Infrastructure,Spain;Portugal
False,Bahrain,False,95,Manama,,Financial Technology,Manama Fintech Hub B.S.C.,Manama fintech studio building Sharia-compliant lending platforms for Gulf banks.,,1,1,0,,,97fae3b2-a48c-f111-8076-000d3a81e01c,Manama Fintech Hub,Registered,4658485,manamafintechhub.bh,4b0e47bf-c36d-f111-ab0d-6045bd56e224,Financial Services,Application Development;Machine Learning,Bahrain;Saudi Arabia
True,Canada,False,980,Toronto,,Professional Services,Maple Ridge Systems Corporation,"Toronto-based ERP and finance transformation specialist recently identified through external market scanning, offering a bilingual service desk for public-sector clients.","[""https://mapleridgesystems.ca/services"",""https://www.linkedin.com/company/maple-ridge-it-systems""]",0,1,0,,,a26ec1b0-a48c-f111-8076-000d3a80923d,Maple Ridge IT Systems,Potential,4658400,mapleridgesystems.ca,4b0e47bf-c36d-f111-ab0d-6045bd56e224,Public Sector;Healthcare,ERP Implementation;Change Management;Managed Services,Canada;United States
False,Vietnam,False,145,Can Tho,,Professional Services,Mekong Delta Analytics JSC,Can Tho analytics vendor supporting agricultural export logistics reporting in the Mekong Delta.,,1,1,0,,,b6fae3b2-a48c-f111-8076-000d3a81e01c,Mekong Delta Analytics,Registered,4658516,mekongdeltaanalytics.vn,4b0e47bf-c36d-f111-ab0d-6045bd56e224,Manufacturing;Transport & Logistics,Data Engineering;Business Intelligence,Vietnam;Cambodia
False,Indonesia,False,210,Yogyakarta,,Information Technology,Merapi Cloud Foundry PT,Yogyakarta cloud consultancy modernising retail and manufacturing platforms across Java.,,1,1,0,,,b2fae3b2-a48c-f111-8076-000d3a81e01c,Merapi Cloud Foundry,Registered,4658512,merapicloudfoundry.id,4b0e47bf-c36d-f111-ab0d-6045bd56e224,Manufacturing;Retail & Consumer,Cloud Migration;DevOps Automation,Indonesia;Malaysia
False,United Kingdom,False,240,Liverpool,,Information Technology,Mersey Cloud Collective Ltd,Liverpool cloud consultancy modernising legacy logistics platforms for northern England manufacturers.,,1,1,0,,,75fae3b2-a48c-f111-8076-000d3a81e01c,Mersey Cloud Collective,Registered,4658451,merseycloud.co.uk,4b0e47bf-c36d-f111-ab0d-6045bd56e224,Manufacturing;Transport & Logistics,Cloud Migration;DevOps Automation;Integration & APIs,United Kingdom
True,Italy,False,240,Milan,,Financial Technology,Milano Fintech Studio SRL,Milan product studio building AI-assisted credit scoring tools for regional lenders.,"[""https://milanofintechstudio.it/prodotto"",""https://www.crunchbase.com/organization/milano-fintech-studio""]",0,1,0,,,82fae3b2-a48c-f111-8076-000d3a81e01c,Milano Fintech Studio,Potential,4658464,milanofintechstudio.it,4b0e47bf-c36d-f111-ab0d-6045bd56e224,Financial Services,Application Development;Machine Learning;Integration & APIs,Italy;Switzerland
False,Mexico,False,290,Monterrey,,Information Technology,Monterrey Digital Factory SA de CV,Nearshore engineering studio delivering application modernisation and QA automation for North American manufacturers.,,1,1,0,,,6efae3b2-a48c-f111-8076-000d3a81e01c,Monterrey Digital Factory,Registered,4658444,monterreydigitalfactory.mx,4b0e47bf-c36d-f111-ab0d-6045bd56e224,Manufacturing;Retail & Consumer,Application Development;Test Automation;RPA,Mexico;United States
True,Oman,False,190,Muscat,,Engineering Services,Muscat Marine Systems LLC,Muscat engineering firm integrating port and offshore platform communications systems.,"[""https://muscatmarinesystems.om/services"",""https://www.linkedin.com/company/muscat-marine-systems""]",0,1,0,,,96fae3b2-a48c-f111-8076-000d3a81e01c,Muscat Marine Systems,Potential,4658484,muscatmarinesystems.om,4b0e47bf-c36d-f111-ab0d-6045bd56e224,Energy & Utilities;Transport & Logistics,Network Infrastructure;Integration & APIs,Oman;United Arab Emirates
True,Egypt,False,480,Cairo,,Information Technology,Nile Delta Software SAE,Cairo software house building citizen services and education platforms for MENA governments.,"[""https://nileddeltasoftware.com.eg/en/about"",""https://www.linkedin.com/company/nile-delta-software""]",0,1,0,,,94fae3b2-a48c-f111-8076-000d3a81e01c,Nile Delta Software,Potential,4658482,nileddeltasoftware.com.eg,4b0e47bf-c36d-f111-ab0d-6045bd56e224,Public Sector;Education,Application Development;RPA,Egypt;Jordan
False,India,False,340,Chennai,,Cybersecurity,Nilgiri Cyber Shield Pvt Ltd,Chennai security testing firm serving telecom operators and state government agencies.,,1,1,0,,,a2fae3b2-a48c-f111-8076-000d3a81e01c,Nilgiri Cyber Shield,Registered,4658496,nilgiricybershield.in,4b0e47bf-c36d-f111-ab0d-6045bd56e224,Public Sector;Telecommunications,Cybersecurity Operations;Penetration Testing,India;Sri Lanka
True,Canada,False,150,Ottawa,,Consulting,Ottawa Valley Assurance Inc,Ottawa advisory firm supporting federal agency data governance modernisation.,"[""https://ottawavalleyassurance.ca/about"",""https://www.linkedin.com/company/ottawa-valley-assurance""]",0,1,0,,,bffae3b2-a48c-f111-8076-000d3a81e01c,Ottawa Valley Assurance,Potential,4658525,ottawavalleyassurance.ca,4b0e47bf-c36d-f111-ab0d-6045bd56e224,Public Sector;Financial Services,Data Governance;Change Management,Canada
True,Australia,False,210,Perth,,Information Technology,Outback Field Robotics Pty Ltd,Perth automation vendor deploying remote-operations robotics software for mining and energy sites.,"[""https://outbackfieldrobotics.com.au/about"",""https://www.crunchbase.com/organization/outback-field-robotics""]",0,1,0,,,bbfae3b2-a48c-f111-8076-000d3a81e01c,Outback Field Robotics,Potential,4658521,outbackfieldrobotics.com.au,4b0e47bf-c36d-f111-ab0d-6045bd56e224,Manufacturing;Energy & Utilities,RPA;Application Development,Australia
True,Bangladesh,False,310,Dhaka,,Financial Technology,Padma River Software Ltd,Dhaka fintech engineering house connecting mobile financial services to core banking platforms.,"[""https://padmariversoftware.com.bd/about"",""https://www.linkedin.com/company/padma-river-software""]",0,1,0,,,a5fae3b2-a48c-f111-8076-000d3a81e01c,Padma River Software,Potential,4658499,padmariversoftware.com.bd,4b0e47bf-c36d-f111-ab0d-6045bd56e224,Financial Services;Retail & Consumer,Application Development;Integration & APIs,Bangladesh;India
True,Philippines,False,175,Cebu,,Information Technology,Palawan Reef Software Inc,Cebu engineering studio building education and local-government digital services.,"[""https://palawanreefsoftware.ph/about"",""https://www.linkedin.com/company/palawan-reef-software""]",0,1,0,,,b5fae3b2-a48c-f111-8076-000d3a81e01c,Palawan Reef Software,Potential,4658515,palawanreefsoftware.ph,4b0e47bf-c36d-f111-ab0d-6045bd56e224,Public Sector;Education,Application Development;Test Automation,Philippines
False,Argentina,False,210,Buenos Aires,,Professional Services,Pampas Data Collective SA,Buenos Aires analytics consultancy supporting energy and public-sector reporting modernisation.,,1,1,0,,,71fae3b2-a48c-f111-8076-000d3a81e01c,Pampas Data Collective,Registered,4658447,pampasdatacollective.com.ar,4b0e47bf-c36d-f111-ab0d-6045bd56e224,Energy & Utilities;Public Sector,Data Engineering;Business Intelligence,Argentina;Uruguay
False,Chile,False,70,Punta Arenas,,Engineering Services,Patagonia Field Networks SA,Punta Arenas engineering firm maintaining remote-region energy and logistics connectivity.,,1,1,0,,,c6fae3b2-a48c-f111-8076-000d3a81e01c,Patagonia Field Networks,Registered,4658532,patagoniafieldnetworks.cl,4b0e47bf-c36d-f111-ab0d-6045bd56e224,Energy & Utilities;Transport & Logistics,Network Infrastructure;Integration & APIs,Chile;Argentina
True,China,False,1400,Shenzhen,,Information Technology,Pearl River Robotics Co Ltd,Shenzhen automation vendor deploying factory-floor robotics orchestration software.,"[""https://pearlriverrobotics.cn/en/about"",""https://www.gartner.com/reviews/market/robotics-china""]",0,1,0,,,a9fae3b2-a48c-f111-8076-000d3a81e01c,Pearl River Robotics,Potential,4658503,pearlriverrobotics.cn,4b0e47bf-c36d-f111-ab0d-6045bd56e224,Manufacturing,RPA;Application Development;Test Automation,China;Hong Kong SAR;Macau
True,France,False,130,Marseille,,Cybersecurity,Provence Cyber Atelier SAS,Marseille security atelier testing energy and port authority systems along the Mediterranean coast.,"[""https://provencecyberatelier.fr/services"",""https://www.linkedin.com/company/provence-cyber-atelier""]",0,1,0,,,c1fae3b2-a48c-f111-8076-000d3a81e01c,Provence Cyber Atelier,Potential,4658527,provencecyberatelier.fr,4b0e47bf-c36d-f111-ab0d-6045bd56e224,Public Sector;Energy & Utilities,Cybersecurity Operations;Penetration Testing,France;Monaco
False,Spain,False,410,Barcelona,,Engineering Services,Pyrenees Engineering Group SL,Barcelona engineering house supporting safety-critical avionics software delivery.,,1,1,0,,,7ffae3b2-a48c-f111-8076-000d3a81e01c,Pyrenees Engineering Group,Registered,4658461,pyreneesengineering.es,4b0e47bf-c36d-f111-ab0d-6045bd56e224,Aviation;Manufacturing,Application Development;Site Reliability Engineering,Spain;France
False,Germany,False,690,Cologne,,Professional Services,Rhine Valley Systems GmbH,Rhineland SAP partner delivering ERP consolidation for chemical and utilities groups.,,1,1,0,,,79fae3b2-a48c-f111-8076-000d3a81e01c,Rhine Valley Systems,Registered,4658455,rhinevalleysystems.de,4b0e47bf-c36d-f111-ab0d-6045bd56e224,Manufacturing;Energy & Utilities,ERP Implementation;Integration & APIs;Change Management,Germany;Netherlands
True,Kenya,False,220,Nairobi,,Professional Services,Rift Valley Data Labs Ltd,Nairobi analytics lab supporting health ministry data platforms across East Africa.,"[""https://riftvalleydatalabs.co.ke/about"",""https://www.linkedin.com/company/rift-valley-data-labs""]",0,1,0,,,98fae3b2-a48c-f111-8076-000d3a81e01c,Rift Valley Data Labs,Potential,4658486,riftvalleydatalabs.co.ke,4b0e47bf-c36d-f111-ab0d-6045bd56e224,Public Sector;Healthcare,Data Engineering;Business Intelligence,Kenya;Uganda;Tanzania
False,Saudi Arabia,False,620,Riyadh,,Information Technology,Riyadh Digital Bridge Co,Riyadh digital transformation partner supporting Vision 2030 government platform delivery.,,1,1,0,,,91fae3b2-a48c-f111-8076-000d3a81e01c,Riyadh Digital Bridge,Registered,4658479,riyadhdigitalbridge.sa,4b0e47bf-c36d-f111-ab0d-6045bd56e224,Public Sector;Financial Services,Application Development;Integration & APIs,Saudi Arabia;Bahrain
False,Senegal,False,105,Dakar,,Information Technology,Sahel Systems Alliance SA,Dakar systems integrator delivering education ministry platforms across Francophone West Africa.,,1,1,0,,,9ffae3b2-a48c-f111-8076-000d3a81e01c,Sahel Systems Alliance,Registered,4658493,sahelsystemsalliance.sn,4b0e47bf-c36d-f111-ab0d-6045bd56e224,Public Sector;Education,Application Development;Integration & APIs,Senegal;Mali;Ivory Coast
False,Malaysia,False,240,Johor Bahru,,Information Technology,Selat Melaka Systems Sdn Bhd,Johor Bahru systems integrator connecting cross-strait logistics and manufacturing platforms.,,1,1,0,,,b0fae3b2-a48c-f111-8076-000d3a81e01c,Selat Melaka Systems,Registered,4658510,selatmelakasystems.my,4b0e47bf-c36d-f111-ab0d-6045bd56e224,Transport & Logistics;Manufacturing,Integration & APIs;Network Infrastructure,Malaysia;Singapore
True,Ireland,False,485,Dublin,,Information Technology,Shannon Cloud Group Designated Activity Company,"Dublin-based GDPR-aligned cloud and identity modernisation provider, freshly discovered through external vendor scanning.","[""https://shannoncloud.ie/services"",""https://www.linkedin.com/company/shannon-cloud""]",0,1,0,,,a66ec1b0-a48c-f111-8076-000d3a80923d,Shannon Cloud,Potential,4658404,shannoncloud.ie,4b0e47bf-c36d-f111-ab0d-6045bd56e224,Healthcare;Financial Services,Cloud Migration;Cybersecurity Operations;Identity & Access Management,Ireland;United Kingdom
False,Ireland,False,130,Limerick,,Information Technology,Shannon Estuary Robotics Ltd,Limerick-based automation integrator serving medtech and pharma manufacturing lines.,,1,1,0,,,77fae3b2-a48c-f111-8076-000d3a81e01c,Shannon Estuary Robotics,Registered,4658453,shannonestuaryrobotics.ie,4b0e47bf-c36d-f111-ab0d-6045bd56e224,Manufacturing,RPA;Application Development;Test Automation,Ireland
False,Thailand,False,560,Bangkok,,Engineering Services,Siam Integration Public Co Ltd,"Bangkok industrial systems integrator connecting plant-floor OT with enterprise IT, re-identified via manual registration with an expanded network infrastructure practice.",,1,1,0,,,a46ec1b0-a48c-f111-8076-000d3a80923d,Siam Integration Group,Potential,4658402,siamintegration.co.th,4b0e47bf-c36d-f111-ab0d-6045bd56e224,Manufacturing;Retail & Consumer,Network Infrastructure;Integration & APIs;Managed Services,Thailand;Vietnam
True,Egypt,False,175,Suez,,Telecommunications,Sinai Peninsula Networks LLC,Suez-based network operator maintaining canal logistics and energy pipeline connectivity.,"[""https://sinaipeninsulanetworks.com.eg/en/about"",""https://www.linkedin.com/company/sinai-peninsula-networks""]",0,1,0,,,c3fae3b2-a48c-f111-8076-000d3a81e01c,Sinai Peninsula Networks,Potential,4658529,sinaipeninsulanetworks.com.eg,4b0e47bf-c36d-f111-ab0d-6045bd56e224,Energy & Utilities;Transport & Logistics,Network Infrastructure;Managed Services,Egypt
True,Sweden,False,330,Malmo,,Information Technology,Skane Digital Works AB,Malmo cross-border digital studio serving Oresund region retail and manufacturing clients.,"[""https://skanedigitalworks.se/om-oss"",""https://www.linkedin.com/company/skane-digital-works""]",0,1,0,,,86fae3b2-a48c-f111-8076-000d3a81e01c,Skane Digital Works,Potential,4658468,skanedigitalworks.se,4b0e47bf-c36d-f111-ab0d-6045bd56e224,Retail & Consumer;Manufacturing,Application Development;RPA;Business Intelligence,Sweden;Denmark
True,United States,False,340,Phoenix,,Information Technology,Sonoran Cloud Works Inc,Southwest cloud consultancy migrating retail and healthcare workloads to multi-cloud platforms with SRE retainers.,"[""https://sonorancloudworks.com/case-studies"",""https://www.crunchbase.com/organization/sonoran-cloud-works""]",0,1,0,,,6dfae3b2-a48c-f111-8076-000d3a81e01c,Sonoran Cloud Works,Potential,4658443,sonorancloudworks.com,4b0e47bf-c36d-f111-ab0d-6045bd56e224,Retail & Consumer;Healthcare,Cloud Migration;DevOps Automation;Site Reliability Engineering,United States;Mexico
True,Indonesia,False,290,Jakarta,,Cybersecurity,Sunda Strait Cyber PT,Jakarta security firm delivering identity modernisation for regional banks and ministries.,"[""https://sundastraitcyber.id/layanan"",""https://www.gartner.com/reviews/market/mssp-indonesia""]",0,1,0,,,b3fae3b2-a48c-f111-8076-000d3a81e01c,Sunda Strait Cyber,Potential,4658513,sundastraitcyber.id,4b0e47bf-c36d-f111-ab0d-6045bd56e224,Financial Services;Public Sector,Cybersecurity Operations;Identity & Access Management,Indonesia;Singapore
True,Taiwan,False,720,Hsinchu,,Information Technology,Taipei Semiconductor IT Co Ltd,Hsinchu analytics vendor building yield and process analytics for semiconductor fabs.,"[""https://taipeisemiconductorit.tw/en"",""https://www.linkedin.com/company/taipei-semiconductor-it""]",0,1,0,,,abfae3b2-a48c-f111-8076-000d3a81e01c,Taipei Semiconductor IT,Potential,4658505,taipeisemiconductorit.tw,4b0e47bf-c36d-f111-ab0d-6045bd56e224,Manufacturing,Data Engineering;Business Intelligence;Machine Learning,Taiwan;Japan
False,Australia,False,380,Melbourne,,Consulting,Tasman Sea Consulting Pty Ltd,Melbourne advisory practice guiding regulatory change programmes for trans-Tasman institutions.,,1,1,0,,,bafae3b2-a48c-f111-8076-000d3a81e01c,Tasman Sea Consulting,Registered,4658520,tasmanseaconsulting.com.au,4b0e47bf-c36d-f111-ab0d-6045bd56e224,Public Sector;Financial Services,Change Management;Data Governance,Australia;New Zealand
True,Slovakia,False,150,Bratislava,,Telecommunications,Tatra Networks a.s.,Bratislava network integrator running managed connectivity for regional logistics operators.,"[""https://tatranetworks.sk/o-nas"",""https://www.linkedin.com/company/tatra-networks""]",0,1,0,,,8efae3b2-a48c-f111-8076-000d3a81e01c,Tatra Networks,Potential,4658476,tatranetworks.sk,4b0e47bf-c36d-f111-ab0d-6045bd56e224,Telecommunications;Transport & Logistics,Network Infrastructure;Managed Services,Slovakia;Czech Republic;Austria
False,United Kingdom,False,480,London,,Consulting,Thameside Advisory LLP,London advisory practice supporting regulatory reporting and governance uplift programmes for mid-tier banks.,,1,1,0,,,73fae3b2-a48c-f111-8076-000d3a81e01c,Thameside Advisory,Registered,4658449,thamesideadvisory.co.uk,4b0e47bf-c36d-f111-ab0d-6045bd56e224,Financial Services;Public Sector,Data Governance;Change Management;Business Intelligence,United Kingdom;Ireland
True,India,False,260,Jaipur,,Information Technology,Thar Desert Automation Pvt Ltd,Jaipur automation vendor deploying RPA for renewable energy and manufacturing back-offices.,"[""https://thardesertautomation.in/about"",""https://www.crunchbase.com/organization/thar-desert-automation""]",0,1,0,,,a3fae3b2-a48c-f111-8076-000d3a81e01c,Thar Desert Automation,Potential,4658497,thardesertautomation.in,4b0e47bf-c36d-f111-ab0d-6045bd56e224,Manufacturing;Energy & Utilities,RPA;Application Development,India;United Arab Emirates
True,Hong Kong SAR,False,195,Hong Kong,,Consulting,Victoria Peak Advisory (HK) Ltd,"Regional data governance and regulatory reporting advisory practice based in Hong Kong, newly profiled through external discovery.","[""https://vpadvisory.hk/about"",""https://www.linkedin.com/company/victoria-peak-advisory-group""]",0,1,0,,,a36ec1b0-a48c-f111-8076-000d3a80923d,Victoria Peak Advisory Group,Registered,4658401,vpadvisory.hk,4b0e47bf-c36d-f111-ab0d-6045bd56e224,Financial Services,Data Governance;Business Intelligence;Change Management,Hong Kong SAR;Singapore
True,Poland,False,470,Warsaw,,Professional Services,Vistula Systems Group Sp. z o.o.,Warsaw ERP integrator delivering finance transformation for Central European manufacturers.,"[""https://vistulasystems.pl/o-nas"",""https://www.linkedin.com/company/vistula-systems-group""]",0,1,0,,,88fae3b2-a48c-f111-8076-000d3a81e01c,Vistula Systems Group,Potential,4658470,vistulasystems.pl,4b0e47bf-c36d-f111-ab0d-6045bd56e224,Manufacturing;Public Sector,ERP Implementation;Integration & APIs,Poland;Germany
False,Czech Republic,False,190,Prague,,Information Technology,Vltava Data Studio s.r.o.,Prague analytics studio building reporting pipelines for regional retail banks.,,1,1,0,,,89fae3b2-a48c-f111-8076-000d3a81e01c,Vltava Data Studio,Registered,4658471,vltavadatastudio.cz,4b0e47bf-c36d-f111-ab0d-6045bd56e224,Financial Services;Retail & Consumer,Data Engineering;Business Intelligence,Czech Republic;Slovakia
True,United Arab Emirates,False,390,Abu Dhabi,,Information Technology,Wadi Tech Solutions LLC,Abu Dhabi systems integrator delivering sovereign cloud and security operations for energy clients.,"[""https://waditechsolutions.ae/services"",""https://www.linkedin.com/company/wadi-tech-solutions""]",0,1,0,,,90fae3b2-a48c-f111-8076-000d3a81e01c,Wadi Tech Solutions,Potential,4658478,waditechsolutions.ae,4b0e47bf-c36d-f111-ab0d-6045bd56e224,Energy & Utilities;Public Sector,Cloud Migration;Cybersecurity Operations;Managed Services,United Arab Emirates;Oman
False,New Zealand,False,130,Wellington,,Consulting,Wellington Harbour Advisory Ltd,Wellington advisory firm supporting public-sector financial reporting modernisation.,,1,1,0,,,cafae3b2-a48c-f111-8076-000d3a81e01c,Wellington Harbour Advisory,Registered,4658536,wellingtonharbouradvisory.co.nz,4b0e47bf-c36d-f111-ab0d-6045bd56e224,Public Sector;Financial Services,Data Governance;Change Management;Business Intelligence,New Zealand
False,China,False,2200,Shanghai,,Information Technology,Yangtze Cloud Alliance Co Ltd,Shanghai cloud integrator supporting manufacturing and retail digital supply chains.,,1,1,0,,,a8fae3b2-a48c-f111-8076-000d3a81e01c,Yangtze Cloud Alliance,Registered,4658502,yangtzecloudalliance.cn,4b0e47bf-c36d-f111-ab0d-6045bd56e224,Manufacturing;Retail & Consumer,Cloud Migration;Data Engineering,China;Hong Kong SAR
True,Canada,False,410,Calgary,,Information Technology,Yukon Data Systems Corp,Prairie-based data platform vendor serving energy operators with production analytics and regulatory reporting pipelines.,"[""https://yukondatasystems.ca/solutions"",""https://www.linkedin.com/company/yukon-data-systems""]",0,1,0,,,6bfae3b2-a48c-f111-8076-000d3a81e01c,Yukon Data Systems,Potential,4658441,yukondatasystems.ca,4b0e47bf-c36d-f111-ab0d-6045bd56e224,Energy & Utilities;Public Sector,Data Engineering;Business Intelligence;Data Governance,Canada;United States
False,Croatia,False,110,Zagreb,,Consulting,Zagreb Assurance Partners d.o.o.,Zagreb advisory boutique supporting EU-funded public health digitisation programmes.,,1,1,0,,,8dfae3b2-a48c-f111-8076-000d3a81e01c,Zagreb Assurance Partners,Registered,4658475,zagrebassurance.hr,4b0e47bf-c36d-f111-ab0d-6045bd56e224,Public Sector;Healthcare,Data Governance;Change Management,Croatia;Slovenia
False,Zambia,False,90,Lusaka,,Professional Services,Zambezi Basin Analytics Ltd,Lusaka analytics boutique supporting hydropower and agricultural ministry reporting.,,1,1,0,,,c4fae3b2-a48c-f111-8076-000d3a81e01c,Zambezi Basin Analytics,Registered,4658530,zambezibasinanalytics.co.zm,4b0e47bf-c36d-f111-ab0d-6045bd56e224,Energy & Utilities;Public Sector,Data Engineering;Business Intelligence,Zambia;Zimbabwe
True,Netherlands,False,190,Rotterdam,,Professional Services,Zeeland Data Governance B.V.,Rotterdam boutique advising on data governance and reporting for energy trading desks.,"[""https://zeelanddatagovernance.nl/diensten"",""https://www.linkedin.com/company/zeeland-data-governance""]",0,1,0,,,7efae3b2-a48c-f111-8076-000d3a81e01c,Zeeland Data Governance,Potential,4658460,zeelanddatagovernance.nl,4b0e47bf-c36d-f111-ab0d-6045bd56e224,Financial Services;Energy & Utilities,Data Governance;Business Intelligence,Netherlands