"new_businessunit","new_deliveryprojectname","new_enddate","new_engagement1id","new_headcount","importsequencenumber","new_iscasestudy","new_outcomesummary","new_startdate","statuscode","statecode","timezoneruleversionnumber","utcconversiontimezonecode","versionnumber","owningbusinessunit","new_vendor"
"Controller's Department","Supplier Invoice OCR Rollout","2026-06-15 00:00:00.0000000","e33a9878-638a-f111-8076-6045bd55bd50","10","2","False","Extended the document intelligence pilot to accounts payable across two more business units, holding straight-through processing above 70%.","2026-02-01 00:00:00.0000000","1","0","4","","4341972","4b0e47bf-c36d-f111-ab0d-6045bd56e224","8d66e83a-7774-42de-9fa2-49414c96244d"
"Controller's Department","Loan Servicing Back-Office Transition","","183b9878-638a-f111-8076-6045bd55bd50","52","2","False","Ongoing transition of loan servicing back-office functions; two of four process areas transitioned so far.","2026-01-05 00:00:00.0000000","1","0","4","","4341964","4b0e47bf-c36d-f111-ab0d-6045bd56e224","dcceb378-ee0e-43d9-ab8d-19bafed0d69e"
"Energy Sector Group","Distribution Network Loss Analytics","2025-01-24 00:00:00.0000000","163b9878-638a-f111-8076-6045bd55bd50","15","2","False","Deployed loss analytics across the distribution network, narrowing the gap between billed and delivered energy by 3 percentage points.","2023-11-06 00:00:00.0000000","1","0","4","","4341963","4b0e47bf-c36d-f111-ab0d-6045bd56e224","994c84b5-5c0c-456c-ad4b-f03476730c40"
"","Energy Trading Risk Model Review","2026-06-05 00:00:00.0000000","143b9878-638a-f111-8076-6045bd55bd50","7","2","True","Case study: independent review of a Hong Kong energy trader's risk models, identifying two material calibration gaps closed before go-live.","2025-09-29 00:00:00.0000000","1","0","4","","4341962","4b0e47bf-c36d-f111-ab0d-6045bd56e224","fca7bdc4-14fe-4efe-8964-ddb82cf310e3"
"Information Technology Department","Portal Accessibility Remediation","","123b9878-638a-f111-8076-6045bd55bd50","8","2","False","Ongoing remediation of accessibility findings across the regional portal, closing 60% of identified issues to date.","2026-02-16 00:00:00.0000000","1","0","4","","4341961","4b0e47bf-c36d-f111-ab0d-6045bd56e224","3a49aa44-3f74-453c-ab9d-537c524410ec"
"","Citizen Feedback Platform","2025-12-18 00:00:00.0000000","103b9878-638a-f111-8076-6045bd55bd50","16","2","True","Case study: launched a citizen feedback and complaints platform for a Southeast Asian city government, handling 60,000 submissions in year one.","2024-09-22 00:00:00.0000000","1","0","4","","4341960","4b0e47bf-c36d-f111-ab0d-6045bd56e224","2286ce6b-6193-4862-b349-df4712e386fa"
"","Regional Language Support Chatbot","2026-05-14 00:00:00.0000000","0e3b9878-638a-f111-8076-6045bd55bd50","11","2","True","Case study: deployed a regional-language support chatbot for a telecom operator, containing 48% of tier-1 chat volume.","2025-06-09 00:00:00.0000000","1","0","4","","4341959","4b0e47bf-c36d-f111-ab0d-6045bd56e224","aea2510a-0527-4942-9030-c67dcd9cac5a"
"Controller's Department","ERP Month-End Close Acceleration","2025-03-28 00:00:00.0000000","0c3b9878-638a-f111-8076-6045bd55bd50","19","2","False","Reworked month-end close processes in the finance ERP, cutting close time from six days to three.","2024-01-15 00:00:00.0000000","1","0","4","","4341958","4b0e47bf-c36d-f111-ab0d-6045bd56e224","ccf4d9c6-30c1-4958-828a-5c1e9e23df79"
"Transport Sector Group","Rail Signalling Software Assurance","","0a3b9878-638a-f111-8076-6045bd55bd50","10","2","True","Ongoing independent assurance of signalling software updates, producing certification evidence for each release.","2025-10-06 00:00:00.0000000","1","0","4","","4341957","4b0e47bf-c36d-f111-ab0d-6045bd56e224","b869d452-f0cf-4401-893d-4413e139e358"
"Information Technology Department","Manufacturing OT-IT Bridge Programme","","083b9878-638a-f111-8076-6045bd55bd50","13","2","False","Ongoing programme bridging plant-floor operational technology with enterprise IT across three regional plants.","2025-07-01 00:00:00.0000000","1","0","4","","4341956","4b0e47bf-c36d-f111-ab0d-6045bd56e224","bf43a72c-3b95-470d-a54b-b79f29e47f91"
"","EU Data Residency Compliance Review","2026-03-20 00:00:00.0000000","063b9878-638a-f111-8076-6045bd55bd50","9","2","True","Case study: independent review confirming EU data residency compliance for an Irish public-sector client ahead of an audit deadline.","2025-11-03 00:00:00.0000000","1","0","4","","4341955","4b0e47bf-c36d-f111-ab0d-6045bd56e224","810a32a6-ba7a-4a6e-a747-bcad70e79cb7"
"","National Utility Billing Modernisation","2025-08-08 00:00:00.0000000","043b9878-638a-f111-8076-6045bd55bd50","33","2","True","Case study: modernised the billing platform for a Gulf-region utility serving 1.2 million residential accounts, cutting billing cycle errors by 45%.","2024-02-19 00:00:00.0000000","1","0","4","","4341954","4b0e47bf-c36d-f111-ab0d-6045bd56e224","02369b9b-dea5-4132-9b95-f8176088cc7f"
"Treasury Department","Cross-Border Payments Sandbox","","023b9878-638a-f111-8076-6045bd55bd50","6","2","False","Ongoing sandbox testing of a cross-border payments corridor with two regional partner banks.","2026-05-01 00:00:00.0000000","1","0","4","","4341953","4b0e47bf-c36d-f111-ab0d-6045bd56e224","47d221d9-98d4-40d9-a9b5-dcbbc0d00c3d"
"Information Technology Department","Field Office Satellite Backup Links","","003b9878-638a-f111-8076-6045bd55bd50","14","2","True","Ongoing rollout of satellite backup links for field offices in low-connectivity regions.","2025-09-15 00:00:00.0000000","1","0","4","","4341952","4b0e47bf-c36d-f111-ab0d-6045bd56e224","4474ff98-14d5-481e-a5f6-ce16851a7df5"
"Information Technology Department","Branch Office Connectivity Refresh","2023-09-30 00:00:00.0000000","fe3a9878-638a-f111-8076-6045bd55bd50","35","2","False","Refreshed connectivity at 22 branch offices, reducing average packet loss during peak hours by 40%.","2022-06-01 00:00:00.0000000","1","0","4","","4341951","4b0e47bf-c36d-f111-ab0d-6045bd56e224","4474ff98-14d5-481e-a5f6-ce16851a7df5"
"Office of Risk Management","Third-Party Audit Readiness Review","","fc3a9878-638a-f111-8076-6045bd55bd50","7","2","False","Ongoing readiness review ahead of the annual third-party risk audit; two of four departments reviewed so far.","2026-04-01 00:00:00.0000000","1","0","4","","4341950","4b0e47bf-c36d-f111-ab0d-6045bd56e224","536274ff-c522-4f18-9166-6891ff527adb"
"Procurement Division","Vendor Risk Framework Redesign","2026-02-13 00:00:00.0000000","fa3a9878-638a-f111-8076-6045bd55bd50","8","2","False","Advisory engagement redesigning the vendor risk tiering framework; new framework adopted for all new onboarding from Q1.","2025-08-04 00:00:00.0000000","1","0","4","","4341949","4b0e47bf-c36d-f111-ab0d-6045bd56e224","536274ff-c522-4f18-9166-6891ff527adb"
"","Semiconductor Yield Analytics","2025-12-05 00:00:00.0000000","f83a9878-638a-f111-8076-6045bd55bd50","20","2","True","Case study: deployed yield analytics for a Japanese semiconductor fab, flagging process drift an average of six hours earlier than the prior method.","2024-11-18 00:00:00.0000000","1","0","4","","4341948","4b0e47bf-c36d-f111-ab0d-6045bd56e224","ff685395-2b15-4523-a791-fb3d8eb5bd82"
"","Automotive Supplier Quality Portal","2026-04-17 00:00:00.0000000","f63a9878-638a-f111-8076-6045bd55bd50","17","2","True","Case study: built a supplier quality collaboration portal for a German automotive tier-1, reducing defect escalation time from days to hours.","2025-05-06 00:00:00.0000000","1","0","4","","4341947","4b0e47bf-c36d-f111-ab0d-6045bd56e224","9a3e44c2-bfc1-4022-8c95-b83d2f292488"
"","Warehouse Management System Rollout","2025-10-30 00:00:00.0000000","f33a9878-638a-f111-8076-6045bd55bd50","27","2","True","Case study: rolled out a WMS across four distribution centres for a Belgian logistics group, cutting pick-pack cycle time by 22%.","2024-08-12 00:00:00.0000000","1","0","4","","4341946","4b0e47bf-c36d-f111-ab0d-6045bd56e224","9a3e44c2-bfc1-4022-8c95-b83d2f292488"
"Information Technology Department","Security Operations Centre Uplift","","f13a9878-638a-f111-8076-6045bd55bd50","9","2","True","Ongoing SOC uplift adding after-hours coverage and automated triage; alert backlog reduced by half in the first quarter.","2026-01-20 00:00:00.0000000","1","0","4","","4341945","4b0e47bf-c36d-f111-ab0d-6045bd56e224","3d9afe86-e806-405b-ad54-c1e6842cbc02"
"Information Technology Department","External Attack Surface Assessment","2026-01-09 00:00:00.0000000","ef3a9878-638a-f111-8076-6045bd55bd50","4","2","False","One-time assessment of internet-facing assets, identifying 31 exposed endpoints and a remediation plan accepted by security leadership.","2025-10-01 00:00:00.0000000","1","0","4","","4341944","4b0e47bf-c36d-f111-ab0d-6045bd56e224","3d9afe86-e806-405b-ad54-c1e6842cbc02"
"Strategy, Policy & Partnerships Department","Grants Analytics Dashboard Refresh","","ed3a9878-638a-f111-8076-6045bd55bd50","15","2","False","Ongoing refresh of the grants analytics dashboards onto the lakehouse platform; two of five dashboards migrated so far.","2026-03-01 00:00:00.0000000","1","0","4","","4341943","4b0e47bf-c36d-f111-ab0d-6045bd56e224","c26d66dc-8a20-4873-8e5f-c0fdc0072e04"
"Controller's Department","Finance Data Mart Consolidation","2024-10-02 00:00:00.0000000","eb3a9878-638a-f111-8076-6045bd55bd50","24","2","False","Consolidated five finance data marts into the enterprise lakehouse, retiring duplicate month-end reporting pipelines.","2023-04-10 00:00:00.0000000","1","0","4","","4341942","4b0e47bf-c36d-f111-ab0d-6045bd56e224","c26d66dc-8a20-4873-8e5f-c0fdc0072e04"
"Information Technology Department","24x7 Managed Cloud Operations (Wave 2)","","e93a9878-638a-f111-8076-6045bd55bd50","18","2","False","Ongoing extension of managed operations to the second migration wave, maintaining the existing availability SLA.","2025-12-01 00:00:00.0000000","1","0","4","","4341941","4b0e47bf-c36d-f111-ab0d-6045bd56e224","0e6bcf5f-3245-49c0-b91e-38452571a7de"
"Information Technology Department","Regional Data Centre Exit to Azure","2025-11-15 00:00:00.0000000","e73a9878-638a-f111-8076-6045bd55bd50","30","2","True","Decommissioned two regional data centres and migrated the remaining 28 workloads to Azure ahead of the lease expiry.","2024-09-01 00:00:00.0000000","1","0","4","","4341940","4b0e47bf-c36d-f111-ab0d-6045bd56e224","0e6bcf5f-3245-49c0-b91e-38452571a7de"
"Legal Department","Contract Metadata Extraction Pilot","2026-05-20 00:00:00.0000000","e53a9878-638a-f111-8076-6045bd55bd50","6","2","True","Piloted clause and metadata extraction across 3,000 vendor contracts to seed the new contract repository.","2026-01-12 00:00:00.0000000","1","0","4","","4341939","4b0e47bf-c36d-f111-ab0d-6045bd56e224","8d66e83a-7774-42de-9fa2-49414c96244d"
