new_aiextracted,new_country,new_hasactivecontract,new_headcount,new_headquarterslocation,importsequencenumber,new_industry,new_legalname,new_overview,new_source,new_sourcecitations,statuscode,statecode,timezoneruleversionnumber,utcconversiontimezonecode,new_vendorid,new_vendorname,new_vendorstatus,versionnumber,new_websitedomain,owningbusinessunit,new_businessdomains,new_capabilities,new_regionaloperatingcapacity
False,Ireland,False,470,Dublin,,Information Technology,Shannon Cloud Group DAC,"EU-resident cloud provider offering GDPR-aligned hosting, identity modernisation and managed detection.",Manual Registration,,1,0,,,810a32a6-ba7a-4a6e-a747-bcad70e79cb7,Shannon Cloud Group,Registered,4303021,https://shannoncloud.ie,4b0e47bf-c36d-f111-ab0d-6045bd56e224,Financial Services;Public Sector,Document Intelligence;RPA;Machine Learning,Singapore;Malaysia;Indonesia
False,France,True,1100,Toulouse,,Engineering Services,Lumiere Ingenierie SAS,Aerospace-focused software engineering firm with safety-critical development and certification experience.,Internal Catalogue,,1,0,,,b869d452-f0cf-4401-893d-4413e139e358,Lumiere Ingenierie,Existing,4303014,https://lumiere-ing.fr,4b0e47bf-c36d-f111-ab0d-6045bd56e224,Public Sector;Transport & Logistics,Cloud Migration;DevOps Automation;Site Reliability Engineering,Malaysia;Singapore;Thailand
False,Thailand,False,540,Bangkok,,Engineering Services,Siam Integration Co Ltd,"Industrial systems integrator linking plant-floor OT with enterprise IT, plus field maintenance coverage.",Internal Catalogue,,1,0,,,bf43a72c-3b95-470d-a54b-b79f29e47f91,Siam Integration,Registered,4303007,https://siamintegration.co.th,4b0e47bf-c36d-f111-ab0d-6045bd56e224,Financial Services;Retail & Consumer,Data Engineering;Business Intelligence;Data Governance,India;United Arab Emirates;United Kingdom
True,Hong Kong SAR,False,210,Hong Kong,,Consulting,Victoria Peak Advisory Ltd,Boutique advisory practice covering data governance and regulatory reporting for regional financial institutions.,External Discovery,"[""https://vpadvisory.hk/insights"",""https://www.linkedin.com/company/victoria-peak-advisory""]",1,0,,,fca7bdc4-14fe-4efe-8964-ddb82cf310e3,Victoria Peak Advisory,Potential,4303000,https://vpadvisory.hk,4b0e47bf-c36d-f111-ab0d-6045bd56e224,Public Sector;Energy & Utilities,Cybersecurity Operations;Penetration Testing;Identity & Access Management,Australia;New Zealand
False,Canada,True,950,Toronto,,Professional Services,Maple Ridge Systems Corp,Public-sector ERP and finance transformation specialist with a bilingual service desk.,Internal Catalogue,,1,0,,,ccf4d9c6-30c1-4958-828a-5c1e9e23df79,Maple Ridge Systems,Potential,4302993,https://mapleridgesystems.ca,4b0e47bf-c36d-f111-ab0d-6045bd56e224,Manufacturing;Energy & Utilities,ERP Implementation;Integration & APIs;Change Management,Germany;Netherlands;Poland
False,Netherlands,False,380,Rotterdam,,Professional Services,Deltawerken Analytics B.V.,"Analytics consultancy with deep experience in port logistics, grid optimisation and asset performance modelling.",Manual Registration,,1,0,,,994c84b5-5c0c-456c-ad4b-f03476730c40,Deltawerken Analytics,Potential,4302986,https://deltawerken-analytics.nl,4b0e47bf-c36d-f111-ab0d-6045bd56e224,Manufacturing;Retail & Consumer,Application Development;Test Automation;RPA,Japan;South Korea
True,South Korea,False,145,Seoul,,Software Publishing,Hangang AI Co Ltd,Applied AI product company shipping Korean-language conversational agents and OCR pipelines.,External Discovery,"[""https://hangang.ai/en"",""https://www.gartner.com/reviews/market/conversational-ai-platforms""]",1,0,,,aea2510a-0527-4942-9030-c67dcd9cac5a,Hangang AI,Potential,4302979,https://hangang.ai,4b0e47bf-c36d-f111-ab0d-6045bd56e224,Financial Services;Public Sector,Change Management;Managed Services;Data Governance,United Kingdom;Ireland
False,Vietnam,False,690,Ho Chi Minh City,,Information Technology,Mekong Digital JSC,Offshore engineering partner offering blended onshore-offshore squads and a dedicated QA automation practice.,Manual Registration,,1,0,,,3a49aa44-3f74-453c-ab9d-537c524410ec,Mekong Digital,Registered,4302972,https://mekongdigital.vn,4b0e47bf-c36d-f111-ab0d-6045bd56e224,Telecommunications;Transport & Logistics,Network Infrastructure;Managed Services,United States;Canada;Japan
True,Indonesia,False,260,Jakarta,,Information Technology,PT Garuda Software Works,Jakarta software studio building citizen-facing digital services for Indonesian ministries and universities.,External Discovery,"[""https://garudasoftware.id/portfolio"",""https://www.crunchbase.com/organization/garuda-software-works""]",1,0,,,2286ce6b-6193-4862-b349-df4712e386fa,Garuda Software Works,Existing,4302963,https://garudasoftware.id,4b0e47bf-c36d-f111-ab0d-6045bd56e224,Financial Services,Application Development;Integration & APIs;Machine Learning,Singapore;Hong Kong SAR
False,Philippines,True,3400,Manila,,Business Process Outsourcing,Bayanihan Business Services Inc,"Large outsourcing provider handling claims processing and back-office operations, increasingly automation-led.",Internal Catalogue,,1,0,,,dcceb378-ee0e-43d9-ab8d-19bafed0d69e,Bayanihan BPO,Existing,4302956,https://bayanihanbpo.ph,4b0e47bf-c36d-f111-ab0d-6045bd56e224,Energy & Utilities;Public Sector,Cloud Migration;Cybersecurity Operations;Managed Services,United Arab Emirates;Saudi Arabia;Qatar
True,United Arab Emirates,False,430,Dubai,,Information Technology,Sahara Tech Partners LLC,Gulf-region systems integrator with data-residency-compliant cloud and security operations offerings.,External Discovery,"[""https://saharatechpartners.ae/services"",""https://www.linkedin.com/company/sahara-tech-partners""]",1,0,,,02369b9b-dea5-4132-9b95-f8176088cc7f,Sahara Tech Partners,Registered,4302949,https://saharatechpartners.ae,4b0e47bf-c36d-f111-ab0d-6045bd56e224,Healthcare;Retail & Consumer,Managed Services;RPA;Document Intelligence,Philippines;Singapore
False,Singapore,False,175,Singapore,,Financial Technology,Vertex Fintech Solutions Pte Ltd,Payments and open-banking API specialist with pre-built connectors for regional clearing networks.,Internal Catalogue,,1,0,,,47d221d9-98d4-40d9-a9b5-dcbbc0d00c3d,Vertex Fintech Solutions,Existing,4302942,https://vertexfintech.sg,4b0e47bf-c36d-f111-ab0d-6045bd56e224,Public Sector;Education,Application Development;DevOps Automation,Indonesia;Singapore
False,United States,True,2100,Seattle,,Telecommunications,Pacific Rim Networks Inc,"Network integrator and managed service provider covering trans-Pacific connectivity, SD-WAN and edge infrastructure.",Internal Catalogue,,1,0,,,4474ff98-14d5-481e-a5f6-ce16851a7df5,Pacific Rim Networks,Existing,4302935,https://pacificrimnetworks.com,4b0e47bf-c36d-f111-ab0d-6045bd56e224,Manufacturing;Transport & Logistics,Test Automation;Application Development;Integration & APIs,Vietnam;Singapore;Japan
False,United Kingdom,False,1200,London,,Consulting,Lionheart Consulting Ltd,Advisory and delivery consultancy focused on regulatory change programmes for banks and government agencies.,Manual Registration,,1,0,,,536274ff-c522-4f18-9166-6891ff527adb,Lionheart Consulting,Existing,4302928,https://lionheartconsulting.co.uk,4b0e47bf-c36d-f111-ab0d-6045bd56e224,Retail & Consumer;Telecommunications,Machine Learning;Conversational AI;Document Intelligence,South Korea;Japan
True,Japan,False,505,Tokyo,,Information Technology,Kaizen Digital Kabushiki Kaisha,Tokyo-based digital engineering house known for continuous-improvement delivery methods and factory floor automation.,External Discovery,"[""https://kaizendigital.co.jp/en/about"",""https://www.gartner.com/reviews/market/it-services-japan""]",1,0,,,ff685395-2b15-4523-a791-fb3d8eb5bd82,Kaizen Digital KK,Potential,4302921,https://kaizendigital.co.jp,4b0e47bf-c36d-f111-ab0d-6045bd56e224,Energy & Utilities;Transport & Logistics,Data Engineering;Business Intelligence;Machine Learning,Netherlands;Belgium;Germany
True,Germany,False,880,Hamburg,,Professional Services,Hanseatic Systems GmbH,SAP S/4HANA implementation specialist serving industrial manufacturers across the DACH region.,External Discovery,"[""https://www.hanseatic-systems.de/company"",""https://www.linkedin.com/company/hanseatic-systems""]",1,0,,,9a3e44c2-bfc1-4022-8c95-b83d2f292488,Hanseatic Systems GmbH,Registered,4302914,https://hanseatic-systems.de,4b0e47bf-c36d-f111-ab0d-6045bd56e224,Public Sector;Healthcare,ERP Implementation;Managed Services;Change Management,Canada;United States
False,Australia,False,320,Sydney,,Cybersecurity,Silverline Cyber Pty Ltd,Australian-owned security services firm operating a sovereign SOC staffed by government-cleared analysts.,Manual Registration,,1,0,,,3d9afe86-e806-405b-ad54-c1e6842cbc02,Silverline Cyber,Registered,4302907,https://silverlinecyber.com.au,4b0e47bf-c36d-f111-ab0d-6045bd56e224,Financial Services,Data Governance;Change Management;Business Intelligence,Hong Kong SAR;Singapore;China
False,India,True,1450,Bengaluru,,Information Technology,Meridian Data Labs Pvt Ltd,Large-scale data platform builder with lakehouse and governance practices; multiple long-running BrandName analytics engagements.,Internal Catalogue,,1,0,,,c26d66dc-8a20-4873-8e5f-c0fdc0072e04,Meridian Data Labs,Registered,4302900,https://meridiandatalabs.in,4b0e47bf-c36d-f111-ab0d-6045bd56e224,Manufacturing;Retail & Consumer,Integration & APIs;Network Infrastructure;Managed Services,Thailand;Vietnam;Myanmar
False,Malaysia,True,610,Kuala Lumpur,,Information Technology,Northwind Cloud Services Sdn Bhd,Regional Azure and AWS migration partner running 24x7 managed cloud operations from Kuala Lumpur and Penang.,Internal Catalogue,,1,0,,,0e6bcf5f-3245-49c0-b91e-38452571a7de,Northwind Cloud Services,Registered,4302892,https://northwindcloud.my,4b0e47bf-c36d-f111-ab0d-6045bd56e224,Aviation;Manufacturing,Application Development;Site Reliability Engineering;DevOps Automation,France;Spain;Germany
False,Singapore,False,240,Singapore,,Information Technology,Acme Technologies Pte Ltd,"Boutique document AI firm specialising in intelligent document processing for regulated industries, with its primary delivery hub in Singapore.",Internal Catalogue,,1,0,,,8d66e83a-7774-42de-9fa2-49414c96244d,Acme Technologies,Potential,4302884,https://acmetech.com,4b0e47bf-c36d-f111-ab0d-6045bd56e224,Healthcare;Financial Services,Cloud Migration;Identity & Access Management;Cybersecurity Operations,Ireland;United Kingdom
