"new_certificationid","new_certificationname","new_dateearned","new_document","new_expirydate","importsequencenumber","new_issuer","new_referencenumber","statuscode","statecode","timezoneruleversionnumber","utcconversiontimezonecode","versionnumber","owningbusinessunit","new_vendor"
"b88a4dbf-708a-f111-8077-7ced8dfed52e","SOC 2 Type II","2025-11-25 00:00:00.0000000","","2026-11-24 00:00:00.0000000","4","Deloitte Ireland","SOC2-2025-SCG-006","1","0","4","","4353386","4b0e47bf-c36d-f111-ab0d-6045bd56e224","810a32a6-ba7a-4a6e-a747-bcad70e79cb7"
"b68a4dbf-708a-f111-8077-7ced8dfed52e","HITRUST CSF r2 Certification","2026-02-12 00:00:00.0000000","","2028-02-11 00:00:00.0000000","4","HITRUST Alliance","HITRUST-2026-IE-0663","1","0","4","","4353385","4b0e47bf-c36d-f111-ab0d-6045bd56e224","810a32a6-ba7a-4a6e-a747-bcad70e79cb7"
"b48a4dbf-708a-f111-8077-7ced8dfed52e","ISO/IEC 27018:2019","2025-04-09 00:00:00.0000000","","2028-04-08 00:00:00.0000000","4","NSAI","IE-CLOUD-2025-5141","1","0","4","","4353384","4b0e47bf-c36d-f111-ab0d-6045bd56e224","810a32a6-ba7a-4a6e-a747-bcad70e79cb7"
"b28a4dbf-708a-f111-8077-7ced8dfed52e","ISO/IEC 27001:2022","2025-04-09 00:00:00.0000000","","2028-04-08 00:00:00.0000000","4","NSAI","IE-ISMS-2025-5140","1","0","4","","4353383","4b0e47bf-c36d-f111-ab0d-6045bd56e224","810a32a6-ba7a-4a6e-a747-bcad70e79cb7"
"b08a4dbf-708a-f111-8077-7ced8dfed52e","DO-178C DAL B Process Qualification","2025-01-30 00:00:00.0000000","","2028-01-29 00:00:00.0000000","4","Bureau Veritas","FR-DO178-2025-0217","1","0","4","","4353382","4b0e47bf-c36d-f111-ab0d-6045bd56e224","b869d452-f0cf-4401-893d-4413e139e358"
"ae8a4dbf-708a-f111-8077-7ced8dfed52e","ISO/IEC 27001:2022","2025-06-05 00:00:00.0000000","","2028-06-04 00:00:00.0000000","4","AFNOR Certification","FR-ISMS-2025-8812","1","0","4","","4353381","4b0e47bf-c36d-f111-ab0d-6045bd56e224","b869d452-f0cf-4401-893d-4413e139e358"
"ac8a4dbf-708a-f111-8077-7ced8dfed52e","EN 9100:2018","2024-10-16 00:00:00.0000000","","2027-10-15 00:00:00.0000000","4","AFNOR Certification","FR-AQMS-2024-3390","1","0","4","","4353380","4b0e47bf-c36d-f111-ab0d-6045bd56e224","b869d452-f0cf-4401-893d-4413e139e358"
"aa8a4dbf-708a-f111-8077-7ced8dfed52e","IEC 62443-2-4 Service Provider","2025-09-01 00:00:00.0000000","","2028-08-31 00:00:00.0000000","4","TUV Nord Thailand","TH-IACS-2025-0771","1","0","4","","4353379","4b0e47bf-c36d-f111-ab0d-6045bd56e224","bf43a72c-3b95-470d-a54b-b79f29e47f91"
"a88a4dbf-708a-f111-8077-7ced8dfed52e","ISO 45001:2018","2025-02-06 00:00:00.0000000","","2028-02-05 00:00:00.0000000","4","TUV Nord Thailand","TH-OHS-2025-0448","1","0","4","","4353378","4b0e47bf-c36d-f111-ab0d-6045bd56e224","bf43a72c-3b95-470d-a54b-b79f29e47f91"
"a68a4dbf-708a-f111-8077-7ced8dfed52e","ISO 9001:2015","2024-08-21 00:00:00.0000000","","2027-08-20 00:00:00.0000000","4","TUV Nord Thailand","TH-QMS-2024-1130","1","0","4","","4353377","4b0e47bf-c36d-f111-ab0d-6045bd56e224","bf43a72c-3b95-470d-a54b-b79f29e47f91"
"a48a4dbf-708a-f111-8077-7ced8dfed52e","ISO/IEC 27001:2022","2025-11-14 00:00:00.0000000","","2028-11-13 00:00:00.0000000","4","Hong Kong Quality Assurance Agency","HK-ISMS-2025-7734","1","0","4","","4353376","4b0e47bf-c36d-f111-ab0d-6045bd56e224","fca7bdc4-14fe-4efe-8964-ddb82cf310e3"
"a28a4dbf-708a-f111-8077-7ced8dfed52e","ISO/IEC 20000-1:2018","2025-05-16 00:00:00.0000000","","2028-05-15 00:00:00.0000000","4","BSI Group Canada","CA-ITSM-2025-2288","1","0","4","","4353375","4b0e47bf-c36d-f111-ab0d-6045bd56e224","ccf4d9c6-30c1-4958-828a-5c1e9e23df79"
"a08a4dbf-708a-f111-8077-7ced8dfed52e","SOC 2 Type II","2025-09-30 00:00:00.0000000","","2026-09-29 00:00:00.0000000","4","MNP LLP","SOC2-2025-MRS-018","1","0","4","","4353374","4b0e47bf-c36d-f111-ab0d-6045bd56e224","ccf4d9c6-30c1-4958-828a-5c1e9e23df79"
"9e8a4dbf-708a-f111-8077-7ced8dfed52e","ISO/IEC 27001:2022","2024-02-29 00:00:00.0000000","","2027-02-28 00:00:00.0000000","4","BSI Group Canada","CA-ISMS-2024-6614","1","0","4","","4353373","4b0e47bf-c36d-f111-ab0d-6045bd56e224","ccf4d9c6-30c1-4958-828a-5c1e9e23df79"
"9c8a4dbf-708a-f111-8077-7ced8dfed52e","ISO 14001:2015","2025-07-08 00:00:00.0000000","","2028-07-07 00:00:00.0000000","4","DEKRA Certification","NL-EMS-2025-0921","1","0","4","","4353372","4b0e47bf-c36d-f111-ab0d-6045bd56e224","994c84b5-5c0c-456c-ad4b-f03476730c40"
"9a8a4dbf-708a-f111-8077-7ced8dfed52e","ISO 9001:2015","2024-11-19 00:00:00.0000000","","2027-11-18 00:00:00.0000000","4","DEKRA Certification","NL-QMS-2024-4412","1","0","4","","4353371","4b0e47bf-c36d-f111-ab0d-6045bd56e224","994c84b5-5c0c-456c-ad4b-f03476730c40"
"988a4dbf-708a-f111-8077-7ced8dfed52e","ISO/IEC 27001:2022","2025-03-25 00:00:00.0000000","","2028-03-24 00:00:00.0000000","4","DEKRA Certification","NL-ISMS-2025-5588","1","0","4","","4353370","4b0e47bf-c36d-f111-ab0d-6045bd56e224","994c84b5-5c0c-456c-ad4b-f03476730c40"
"968a4dbf-708a-f111-8077-7ced8dfed52e","ISO/IEC 42001:2023 AI Management System","2026-04-20 00:00:00.0000000","","2029-04-19 00:00:00.0000000","4","BSI Group Korea","KR-AIMS-2026-0088","1","0","4","","4353369","4b0e47bf-c36d-f111-ab0d-6045bd56e224","aea2510a-0527-4942-9030-c67dcd9cac5a"
"948a4dbf-708a-f111-8077-7ced8dfed52e","ISO/IEC 27001:2022","2025-12-03 00:00:00.0000000","","2028-12-02 00:00:00.0000000","4","Korean Foundation for Quality","KR-ISMS-2025-1450","1","0","4","","4353368","4b0e47bf-c36d-f111-ab0d-6045bd56e224","aea2510a-0527-4942-9030-c67dcd9cac5a"
"928a4dbf-708a-f111-8077-7ced8dfed52e","CMMI Level 3 (Development)","2025-06-11 00:00:00.0000000","","2028-06-10 00:00:00.0000000","4","ISACA CMMI Institute","CMMI-DEV-L3-VN-4419","1","0","4","","4353367","4b0e47bf-c36d-f111-ab0d-6045bd56e224","3a49aa44-3f74-453c-ab9d-537c524410ec"
"908a4dbf-708a-f111-8077-7ced8dfed52e","ISO 9001:2015","2024-09-27 00:00:00.0000000","","2027-09-26 00:00:00.0000000","4","Bureau Veritas Vietnam","VN-QMS-2024-7006","1","0","4","","4353366","4b0e47bf-c36d-f111-ab0d-6045bd56e224","3a49aa44-3f74-453c-ab9d-537c524410ec"
"8e8a4dbf-708a-f111-8077-7ced8dfed52e","ISO/IEC 27001:2022","2024-09-27 00:00:00.0000000","","2027-09-26 00:00:00.0000000","4","Bureau Veritas Vietnam","VN-ISMS-2024-7005","1","0","4","","4353365","4b0e47bf-c36d-f111-ab0d-6045bd56e224","3a49aa44-3f74-453c-ab9d-537c524410ec"
"8c8a4dbf-708a-f111-8077-7ced8dfed52e","ISO 9001:2015","2025-10-02 00:00:00.0000000","","2028-10-01 00:00:00.0000000","4","SGS Indonesia","ID-QMS-2025-3313","1","0","4","","4353364","4b0e47bf-c36d-f111-ab0d-6045bd56e224","2286ce6b-6193-4862-b349-df4712e386fa"
"8a8a4dbf-708a-f111-8077-7ced8dfed52e","ISO/IEC 27001:2022","2025-10-02 00:00:00.0000000","","2028-10-01 00:00:00.0000000","4","SGS Indonesia","ID-ISMS-2025-3312","1","0","4","","4353363","4b0e47bf-c36d-f111-ab0d-6045bd56e224","2286ce6b-6193-4862-b349-df4712e386fa"
"888a4dbf-708a-f111-8077-7ced8dfed52e","PCI DSS Level 1 Service Provider","2025-07-10 00:00:00.0000000","","2026-07-09 00:00:00.0000000","4","ControlCase","PCI-L1-PH-2025-0688","1","0","4","","4353362","4b0e47bf-c36d-f111-ab0d-6045bd56e224","dcceb378-ee0e-43d9-ab8d-19bafed0d69e"
"868a4dbf-708a-f111-8077-7ced8dfed52e","ISO 9001:2015","2025-01-15 00:00:00.0000000","","2028-01-14 00:00:00.0000000","4","SGS Philippines","PH-QMS-2025-2077","1","0","4","","4353361","4b0e47bf-c36d-f111-ab0d-6045bd56e224","dcceb378-ee0e-43d9-ab8d-19bafed0d69e"
"848a4dbf-708a-f111-8077-7ced8dfed52e","HIPAA Compliance Attestation","2025-08-01 00:00:00.0000000","","2026-07-31 00:00:00.0000000","4","Coalfire","HIPAA-2025-BYN-0033","1","0","4","","4353360","4b0e47bf-c36d-f111-ab0d-6045bd56e224","dcceb378-ee0e-43d9-ab8d-19bafed0d69e"
"828a4dbf-708a-f111-8077-7ced8dfed52e","ISO/IEC 27001:2022","2024-05-23 00:00:00.0000000","","2027-05-22 00:00:00.0000000","4","TUV Rheinland Philippines","PH-ISMS-2024-8830","1","0","4","","4353359","4b0e47bf-c36d-f111-ab0d-6045bd56e224","dcceb378-ee0e-43d9-ab8d-19bafed0d69e"
"808a4dbf-708a-f111-8077-7ced8dfed52e","ISO 22301:2019","2024-12-01 00:00:00.0000000","","2027-11-30 00:00:00.0000000","4","DNV","AE-BCMS-2024-0155","1","0","4","","4353358","4b0e47bf-c36d-f111-ab0d-6045bd56e224","02369b9b-dea5-4132-9b95-f8176088cc7f"
"7e8a4dbf-708a-f111-8077-7ced8dfed52e","UAE Information Assurance Compliance Certificate","2025-11-05 00:00:00.0000000","","2027-11-04 00:00:00.0000000","4","TDRA","UAEIA-2025-0912","1","0","4","","4353357","4b0e47bf-c36d-f111-ab0d-6045bd56e224","02369b9b-dea5-4132-9b95-f8176088cc7f"
"7c8a4dbf-708a-f111-8077-7ced8dfed52e","ISO/IEC 27001:2022","2025-02-17 00:00:00.0000000","","2028-02-16 00:00:00.0000000","4","DNV","AE-ISMS-2025-6620","1","0","4","","4353356","4b0e47bf-c36d-f111-ab0d-6045bd56e224","02369b9b-dea5-4132-9b95-f8176088cc7f"
"7a8a4dbf-708a-f111-8077-7ced8dfed52e","ISO/IEC 27001:2022","2025-09-12 00:00:00.0000000","","2028-09-11 00:00:00.0000000","4","TUV SUD PSB","SG-ISMS-2025-4471","1","0","4","","4353355","4b0e47bf-c36d-f111-ab0d-6045bd56e224","47d221d9-98d4-40d9-a9b5-dcbbc0d00c3d"
"788a4dbf-708a-f111-8077-7ced8dfed52e","PCI DSS Level 1 Service Provider","2026-03-01 00:00:00.0000000","","2027-02-28 00:00:00.0000000","4","ControlCase","PCI-L1-SG-2026-0217","1","0","4","","4353354","4b0e47bf-c36d-f111-ab0d-6045bd56e224","47d221d9-98d4-40d9-a9b5-dcbbc0d00c3d"
"768a4dbf-708a-f111-8077-7ced8dfed52e","ISO 22301:2019","2025-04-11 00:00:00.0000000","","2028-04-10 00:00:00.0000000","4","BSI Group Americas","US-BCMS-2025-0669","1","0","4","","4353353","4b0e47bf-c36d-f111-ab0d-6045bd56e224","4474ff98-14d5-481e-a5f6-ce16851a7df5"
"748a4dbf-708a-f111-8077-7ced8dfed52e","Cisco Gold Provider","2026-02-01 00:00:00.0000000","","2027-01-31 00:00:00.0000000","4","Cisco Systems","CGP-2026-US-5521","1","0","4","","4353352","4b0e47bf-c36d-f111-ab0d-6045bd56e224","4474ff98-14d5-481e-a5f6-ce16851a7df5"
"728a4dbf-708a-f111-8077-7ced8dfed52e","SOC 2 Type II","2025-10-20 00:00:00.0000000","","2026-10-19 00:00:00.0000000","4","Schellman & Company","SOC2-2025-PRN-027","1","0","4","","4353351","4b0e47bf-c36d-f111-ab0d-6045bd56e224","4474ff98-14d5-481e-a5f6-ce16851a7df5"
"708a4dbf-708a-f111-8077-7ced8dfed52e","ISO/IEC 27001:2022","2024-06-14 00:00:00.0000000","","2027-06-13 00:00:00.0000000","4","Schellman & Company","US-ISMS-2024-1188","1","0","4","","4353350","4b0e47bf-c36d-f111-ab0d-6045bd56e224","4474ff98-14d5-481e-a5f6-ce16851a7df5"
"6e8a4dbf-708a-f111-8077-7ced8dfed52e","ISO 9001:2015","2024-08-08 00:00:00.0000000","","2027-08-07 00:00:00.0000000","4","BSI Group","UK-QMS-2024-3345","1","0","4","","4353349","4b0e47bf-c36d-f111-ab0d-6045bd56e224","536274ff-c522-4f18-9166-6891ff527adb"
"6c8a4dbf-708a-f111-8077-7ced8dfed52e","Cyber Essentials Plus","2025-06-30 00:00:00.0000000","","2026-06-29 00:00:00.0000000","4","IASME Consortium","CEP-2025-UK-40118","1","0","4","","4353348","4b0e47bf-c36d-f111-ab0d-6045bd56e224","536274ff-c522-4f18-9166-6891ff527adb"
"6a8a4dbf-708a-f111-8077-7ced8dfed52e","ISO/IEC 27001:2022","2025-01-20 00:00:00.0000000","","2028-01-19 00:00:00.0000000","4","BSI Group","UK-ISMS-2025-9903","1","0","4","","4353347","4b0e47bf-c36d-f111-ab0d-6045bd56e224","536274ff-c522-4f18-9166-6891ff527adb"
"688a4dbf-708a-f111-8077-7ced8dfed52e","ISTQB Partner Programme - Gold","2025-07-01 00:00:00.0000000","","2027-06-30 00:00:00.0000000","4","ISTQB","ISTQB-GOLD-JP-0731","1","0","4","","4353346","4b0e47bf-c36d-f111-ab0d-6045bd56e224","ff685395-2b15-4523-a791-fb3d8eb5bd82"
"668a4dbf-708a-f111-8077-7ced8dfed52e","ISO 9001:2015","2025-03-06 00:00:00.0000000","","2028-03-05 00:00:00.0000000","4","Japan Quality Assurance Organisation","JP-QMS-2025-1962","1","0","4","","4353345","4b0e47bf-c36d-f111-ab0d-6045bd56e224","ff685395-2b15-4523-a791-fb3d8eb5bd82"
"648a4dbf-708a-f111-8077-7ced8dfed52e","ISO/IEC 27001:2022","2024-10-11 00:00:00.0000000","","2027-10-10 00:00:00.0000000","4","Japan Quality Assurance Organisation","JP-ISMS-2024-4408","1","0","4","","4353344","4b0e47bf-c36d-f111-ab0d-6045bd56e224","ff685395-2b15-4523-a791-fb3d8eb5bd82"
"628a4dbf-708a-f111-8077-7ced8dfed52e","SAP Gold Partner","2026-01-01 00:00:00.0000000","","2026-12-31 00:00:00.0000000","4","SAP SE","SAP-GP-2026-DE-0442","1","0","4","","4353343","4b0e47bf-c36d-f111-ab0d-6045bd56e224","9a3e44c2-bfc1-4022-8c95-b83d2f292488"
"608a4dbf-708a-f111-8077-7ced8dfed52e","TISAX Assessment Level 2","2025-05-27 00:00:00.0000000","","2028-05-26 00:00:00.0000000","4","ENX Association","TISAX-AL2-DE-6641","1","0","4","","4353342","4b0e47bf-c36d-f111-ab0d-6045bd56e224","9a3e44c2-bfc1-4022-8c95-b83d2f292488"
"5e8a4dbf-708a-f111-8077-7ced8dfed52e","ISO 9001:2015","2024-04-18 00:00:00.0000000","","2027-04-17 00:00:00.0000000","4","TUV Rheinland","DE-QMS-2024-2290","1","0","4","","4353341","4b0e47bf-c36d-f111-ab0d-6045bd56e224","9a3e44c2-bfc1-4022-8c95-b83d2f292488"
"5c8a4dbf-708a-f111-8077-7ced8dfed52e","SOC 2 Type II","2025-12-15 00:00:00.0000000","","2026-12-14 00:00:00.0000000","4","KPMG Australia","SOC2-2025-SLC-011","1","0","4","","4353340","4b0e47bf-c36d-f111-ab0d-6045bd56e224","3d9afe86-e806-405b-ad54-c1e6842cbc02"
"5a8a4dbf-708a-f111-8077-7ced8dfed52e","CREST Accredited Penetration Testing","2025-02-03 00:00:00.0000000","","2027-02-02 00:00:00.0000000","4","CREST","CREST-PT-AU-1187","1","0","4","","4353339","4b0e47bf-c36d-f111-ab0d-6045bd56e224","3d9afe86-e806-405b-ad54-c1e6842cbc02"
"588a4dbf-708a-f111-8077-7ced8dfed52e","IRAP Assessed - PROTECTED","2025-09-19 00:00:00.0000000","","2027-09-18 00:00:00.0000000","4","ASD IRAP Assessor Panel","IRAP-2025-AU-0338","1","0","4","","4353338","4b0e47bf-c36d-f111-ab0d-6045bd56e224","3d9afe86-e806-405b-ad54-c1e6842cbc02"
"568a4dbf-708a-f111-8077-7ced8dfed52e","ISO/IEC 27001:2022","2024-11-08 00:00:00.0000000","","2027-11-07 00:00:00.0000000","4","SAI Global","AU-ISMS-2024-7712","1","0","4","","4353337","4b0e47bf-c36d-f111-ab0d-6045bd56e224","3d9afe86-e806-405b-ad54-c1e6842cbc02"
"548a4dbf-708a-f111-8077-7ced8dfed52e","ISO 9001:2015","2023-05-10 00:00:00.0000000","","2026-05-09 00:00:00.0000000","4","TUV India","IN-QMS-2023-2214","1","0","4","","4353336","4b0e47bf-c36d-f111-ab0d-6045bd56e224","c26d66dc-8a20-4873-8e5f-c0fdc0072e04"
"528a4dbf-708a-f111-8077-7ced8dfed52e","ISO/IEC 27701:2019","2025-08-14 00:00:00.0000000","","2028-08-13 00:00:00.0000000","4","BSI Group India","IN-PIMS-2025-1104","1","0","4","","4353335","4b0e47bf-c36d-f111-ab0d-6045bd56e224","c26d66dc-8a20-4873-8e5f-c0fdc0072e04"
"508a4dbf-708a-f111-8077-7ced8dfed52e","CMMI Level 5 (Development)","2025-04-30 00:00:00.0000000","","2028-04-29 00:00:00.0000000","4","ISACA CMMI Institute","CMMI-DEV-L5-IN-2231","1","0","4","","4353334","4b0e47bf-c36d-f111-ab0d-6045bd56e224","c26d66dc-8a20-4873-8e5f-c0fdc0072e04"
"4e8a4dbf-708a-f111-8077-7ced8dfed52e","ISO/IEC 27001:2022","2024-07-22 00:00:00.0000000","","2027-07-21 00:00:00.0000000","4","BSI Group India","IN-ISMS-2024-5510","1","0","4","","4353333","4b0e47bf-c36d-f111-ab0d-6045bd56e224","c26d66dc-8a20-4873-8e5f-c0fdc0072e04"
"4c8a4dbf-708a-f111-8077-7ced8dfed52e","Microsoft Solutions Partner - Azure Infrastructure","2025-10-01 00:00:00.0000000","","2026-09-30 00:00:00.0000000","4","Microsoft","MSP-AZI-2025-88231","1","0","4","","4353332","4b0e47bf-c36d-f111-ab0d-6045bd56e224","0e6bcf5f-3245-49c0-b91e-38452571a7de"
"4a8a4dbf-708a-f111-8077-7ced8dfed52e","AWS Premier Tier Services Partner","2026-01-15 00:00:00.0000000","","2026-12-31 00:00:00.0000000","4","Amazon Web Services","APN-PREM-2026-MY-014","1","0","4","","4353331","4b0e47bf-c36d-f111-ab0d-6045bd56e224","0e6bcf5f-3245-49c0-b91e-38452571a7de"
"488a4dbf-708a-f111-8077-7ced8dfed52e","ISO/IEC 20000-1:2018","2024-02-12 00:00:00.0000000","","2027-02-11 00:00:00.0000000","4","SIRIM QAS International","MY-ITSM-2024-0877","1","0","4","","4353330","4b0e47bf-c36d-f111-ab0d-6045bd56e224","0e6bcf5f-3245-49c0-b91e-38452571a7de"
"468a4dbf-708a-f111-8077-7ced8dfed52e","ISO/IEC 27001:2022","2023-09-05 00:00:00.0000000","","2026-09-04 00:00:00.0000000","4","SIRIM QAS International","MY-ISMS-2023-3391","1","0","4","","4353329","4b0e47bf-c36d-f111-ab0d-6045bd56e224","0e6bcf5f-3245-49c0-b91e-38452571a7de"
"448a4dbf-708a-f111-8077-7ced8dfed52e","MTCS SS 584 Tier 3","2025-06-20 00:00:00.0000000","","2028-06-19 00:00:00.0000000","4","TUV SUD PSB","MTCS-T3-SG-0412","1","0","4","","4353328","4b0e47bf-c36d-f111-ab0d-6045bd56e224","8d66e83a-7774-42de-9fa2-49414c96244d"
"428a4dbf-708a-f111-8077-7ced8dfed52e","SOC 2 Type II","2025-11-01 00:00:00.0000000","","2026-10-31 00:00:00.0000000","4","Ernst & Young LLP","SOC2-2025-ACM-004","1","0","4","","4353327","4b0e47bf-c36d-f111-ab0d-6045bd56e224","8d66e83a-7774-42de-9fa2-49414c96244d"
"408a4dbf-708a-f111-8077-7ced8dfed52e","ISO/IEC 27001:2022","2024-03-15 00:00:00.0000000","","2027-03-14 00:00:00.0000000","4","BSI Group","ISMS-SG-118742","1","0","4","","4353325","4b0e47bf-c36d-f111-ab0d-6045bd56e224","8d66e83a-7774-42de-9fa2-49414c96244d"
