Vendor Name,Legal Name,Website Domain,Business Domains,Capabilities,Industry,Country,HQ Location,Regional Operating Capacity,Headcount,Vendor Status,Has Active Contract,Source,Overview,AI Extracted,Source Citations
Acme Technologies,Acme Technologies Pte Ltd,acmetech.com,Financial Services;Public Sector,Document Intelligence;RPA;Machine Learning,Information Technology,Singapore,Singapore,Singapore;Malaysia;Indonesia,240,Registered,False,Internal Catalogue,"Boutique document AI firm specialising in intelligent document processing for regulated industries, with its primary delivery hub in Singapore.",False,
Northwind Cloud Services,Northwind Cloud Services Sdn Bhd,northwindcloud.my,Public Sector;Transport & Logistics,Cloud Migration;DevOps Automation;Site Reliability Engineering,Information Technology,Malaysia,Kuala Lumpur,Malaysia;Singapore;Thailand,610,Existing,True,Internal Catalogue,"Regional Azure and AWS migration partner running 24x7 managed cloud operations from Kuala Lumpur and Penang.",False,
Meridian Data Labs,Meridian Data Labs Pvt Ltd,meridiandatalabs.in,Financial Services;Retail & Consumer,Data Engineering;Business Intelligence;Data Governance,Information Technology,India,Bengaluru,India;United Arab Emirates;United Kingdom,1450,Existing,True,Internal Catalogue,"Large-scale data platform builder with lakehouse and governance practices; multiple long-running BrandName analytics engagements.",False,
Silverline Cyber,Silverline Cyber Pty Ltd,silverlinecyber.com.au,Public Sector;Energy & Utilities,Cybersecurity Operations;Penetration Testing;Identity & Access Management,Cybersecurity,Australia,Sydney,Australia;New Zealand,320,Registered,False,Manual Registration,"Australian-owned security services firm operating a sovereign SOC staffed by government-cleared analysts.",False,
Hanseatic Systems GmbH,Hanseatic Systems GmbH,hanseatic-systems.de,Manufacturing;Energy & Utilities,ERP Implementation;Integration & APIs;Change Management,Professional Services,Germany,Hamburg,Germany;Netherlands;Poland,880,Potential,False,External Discovery,"SAP S/4HANA implementation specialist serving industrial manufacturers across the DACH region.",True,"[""https://www.hanseatic-systems.de/company"",""https://www.linkedin.com/company/hanseatic-systems""]"
Kaizen Digital KK,Kaizen Digital Kabushiki Kaisha,kaizendigital.co.jp,Manufacturing;Retail & Consumer,Application Development;Test Automation;RPA,Information Technology,Japan,Tokyo,Japan;South Korea,505,Potential,False,External Discovery,"Tokyo-based digital engineering house known for continuous-improvement delivery methods and factory floor automation.",True,"[""https://kaizendigital.co.jp/en/about"",""https://www.gartner.com/reviews/market/it-services-japan""]"
Lionheart Consulting,Lionheart Consulting Ltd,lionheartconsulting.co.uk,Financial Services;Public Sector,Change Management;Managed Services;Data Governance,Consulting,United Kingdom,London,United Kingdom;Ireland,1200,Registered,False,Manual Registration,"Advisory and delivery consultancy focused on regulatory change programmes for banks and government agencies.",False,
Pacific Rim Networks,Pacific Rim Networks Inc,pacificrimnetworks.com,Telecommunications;Transport & Logistics,Network Infrastructure;Managed Services,Telecommunications,United States,Seattle,United States;Canada;Japan,2100,Existing,True,Internal Catalogue,"Network integrator and managed service provider covering trans-Pacific connectivity, SD-WAN and edge infrastructure.",False,
Vertex Fintech Solutions,Vertex Fintech Solutions Pte Ltd,vertexfintech.sg,Financial Services,Application Development;Integration & APIs;Machine Learning,Financial Technology,Singapore,Singapore,Singapore;Hong Kong SAR,175,Registered,False,Internal Catalogue,"Payments and open-banking API specialist with pre-built connectors for regional clearing networks.",False,
Sahara Tech Partners,Sahara Tech Partners LLC,saharatechpartners.ae,Energy & Utilities;Public Sector,Cloud Migration;Cybersecurity Operations;Managed Services,Information Technology,United Arab Emirates,Dubai,United Arab Emirates;Saudi Arabia;Qatar,430,Potential,False,External Discovery,"Gulf-region systems integrator with data-residency-compliant cloud and security operations offerings.",True,"[""https://saharatechpartners.ae/services"",""https://www.linkedin.com/company/sahara-tech-partners""]"
Bayanihan BPO,Bayanihan Business Services Inc,bayanihanbpo.ph,Healthcare;Retail & Consumer,Managed Services;RPA;Document Intelligence,Business Process Outsourcing,Philippines,Manila,Philippines;Singapore,3400,Existing,True,Internal Catalogue,"Large outsourcing provider handling claims processing and back-office operations, increasingly automation-led.",False,
Garuda Software Works,PT Garuda Software Works,garudasoftware.id,Public Sector;Education,Application Development;DevOps Automation,Information Technology,Indonesia,Jakarta,Indonesia;Singapore,260,Potential,False,External Discovery,"Jakarta software studio building citizen-facing digital services for Indonesian ministries and universities.",True,"[""https://garudasoftware.id/portfolio"",""https://www.crunchbase.com/organization/garuda-software-works""]"
Mekong Digital,Mekong Digital JSC,mekongdigital.vn,Manufacturing;Transport & Logistics,Test Automation;Application Development;Integration & APIs,Information Technology,Vietnam,Ho Chi Minh City,Vietnam;Singapore;Japan,690,Registered,False,Manual Registration,"Offshore engineering partner offering blended onshore-offshore squads and a dedicated QA automation practice.",False,
Hangang AI,Hangang AI Co Ltd,hangang.ai,Retail & Consumer;Telecommunications,Machine Learning;Conversational AI;Document Intelligence,Software Publishing,South Korea,Seoul,South Korea;Japan,145,Potential,False,External Discovery,"Applied AI product company shipping Korean-language conversational agents and OCR pipelines.",True,"[""https://hangang.ai/en"",""https://www.gartner.com/reviews/market/conversational-ai-platforms""]"
Deltawerken Analytics,Deltawerken Analytics B.V.,deltawerken-analytics.nl,Energy & Utilities;Transport & Logistics,Data Engineering;Business Intelligence;Machine Learning,Professional Services,Netherlands,Rotterdam,Netherlands;Belgium;Germany,380,Registered,False,Manual Registration,"Analytics consultancy with deep experience in port logistics, grid optimisation and asset performance modelling.",False,
Maple Ridge Systems,Maple Ridge Systems Corp,mapleridgesystems.ca,Public Sector;Healthcare,ERP Implementation;Managed Services;Change Management,Professional Services,Canada,Toronto,Canada;United States,950,Existing,True,Internal Catalogue,"Public-sector ERP and finance transformation specialist with a bilingual service desk.",False,
Victoria Peak Advisory,Victoria Peak Advisory Ltd,vpadvisory.hk,Financial Services,Data Governance;Change Management;Business Intelligence,Consulting,Hong Kong SAR,Hong Kong,Hong Kong SAR;Singapore;China,210,Potential,False,External Discovery,"Boutique advisory practice covering data governance and regulatory reporting for regional financial institutions.",True,"[""https://vpadvisory.hk/insights"",""https://www.linkedin.com/company/victoria-peak-advisory""]"
Siam Integration,Siam Integration Co Ltd,siamintegration.co.th,Manufacturing;Retail & Consumer,Integration & APIs;Network Infrastructure;Managed Services,Engineering Services,Thailand,Bangkok,Thailand;Vietnam;Myanmar,540,Registered,False,Internal Catalogue,"Industrial systems integrator linking plant-floor OT with enterprise IT, plus field maintenance coverage.",False,
Lumiere Ingenierie,Lumiere Ingenierie SAS,lumiere-ing.fr,Aviation;Manufacturing,Application Development;Site Reliability Engineering;DevOps Automation,Engineering Services,France,Toulouse,France;Spain;Germany,1100,Existing,True,Internal Catalogue,"Aerospace-focused software engineering firm with safety-critical development and certification experience.",False,
Shannon Cloud Group,Shannon Cloud Group DAC,shannoncloud.ie,Healthcare;Financial Services,Cloud Migration;Identity & Access Management;Cybersecurity Operations,Information Technology,Ireland,Dublin,Ireland;United Kingdom,470,Registered,False,Manual Registration,"EU-resident cloud provider offering GDPR-aligned hosting, identity modernisation and managed detection.",False,
