Certification Name,Issuer,Date Earned,Expiry Date,Reference Number,Document,Vendor
ISO/IEC 27001:2022,TUV SUD America,2024-05-10,2027-05-09,US-ISMS-2024-8801,cascaderobotics-iso27001-2024.pdf,Cascade Robotics
SOC 2 Type II,Moss Adams LLP,2025-08-01,2026-07-31,SOC2-2025-CAS-004,cascaderobotics-soc2-type2-2025.pdf,Cascade Robotics
AWS Advanced Tier Services Partner,Amazon Web Services,2026-02-01,2026-12-31,APN-ADV-2026-US-118,cascaderobotics-aws-advanced-2026.pdf,Cascade Robotics
ISO 9001:2015,BSI Group America,2024-09-01,2027-08-31,US-QMS-2024-3312,blueharbor-iso9001-2024.pdf,Blue Harbor Consulting
ISO/IEC 27001:2022,BSI Group America,2025-03-10,2028-03-09,US-ISMS-2025-2207,blueharbor-iso27001-2025.pdf,Blue Harbor Consulting
CREST Accredited Penetration Testing,CREST,2025-03-14,2027-03-13,CREST-PT-US-2205,ironclad-crest-pt-2025.pdf,Ironclad Cyber Defense
ISO/IEC 27001:2022,Schellman & Company,2024-09-15,2027-09-14,US-ISMS-2024-5521,ironclad-iso27001-2024.pdf,Ironclad Cyber Defense
SOC 2 Type II,Schellman & Company,2025-11-10,2026-11-09,SOC2-2025-ICD-009,ironclad-soc2-type2-2025.pdf,Ironclad Cyber Defense
ISO/IEC 27001:2022,Schellman & Company,2024-11-20,2027-11-19,US-ISMS-2024-6640,greatlakes-iso27001-2024.pdf,Great Lakes ERP Partners
ISO 9001:2015,Schellman & Company,2025-04-02,2028-04-01,US-QMS-2025-4471,greatlakes-iso9001-2025.pdf,Great Lakes ERP Partners
ISO/IEC 27001:2022,BSI Group Canada,2025-02-18,2028-02-17,CA-ISMS-2025-1183,yukondata-iso27001-2025.pdf,Yukon Data Systems
ISO/IEC 27701:2019,BSI Group Canada,2025-09-14,2028-09-13,CA-PIMS-2025-1198,yukondata-iso27701-2025.pdf,Yukon Data Systems
ISO 9001:2015,SAI Global Canada,2024-06-06,2027-06-05,CA-QMS-2024-4471,fraservalley-iso9001-2024.pdf,Fraser Valley Networks
ISO/IEC 27001:2022,SAI Global Canada,2025-01-09,2028-01-08,CA-ISMS-2025-3321,fraservalley-iso27001-2025.pdf,Fraser Valley Networks
AWS Advanced Tier Services Partner,Amazon Web Services,2026-01-10,2026-12-31,APN-ADV-2026-US-072,sonorancloud-aws-advanced-2026.pdf,Sonoran Cloud Works
ISO/IEC 27001:2022,Schellman & Company,2025-05-19,2028-05-18,US-ISMS-2025-5502,sonorancloud-iso27001-2025.pdf,Sonoran Cloud Works
SOC 2 Type II,A-LIGN,2025-11-03,2026-11-02,SOC2-2025-SCW-014,sonorancloud-soc2-type2-2025.pdf,Sonoran Cloud Works
ISO/IEC 27001:2022,NYCE Mexico,2024-08-15,2027-08-14,MX-ISMS-2024-2290,monterreydigital-iso27001-2024.pdf,Monterrey Digital Factory
ISO 9001:2015,ANCE Mexico,2025-02-11,2028-02-10,MX-QMS-2025-1187,monterreydigital-iso9001-2025.pdf,Monterrey Digital Factory
ISO 9001:2015,ICONTEC Colombia,2025-01-22,2028-01-21,CO-QMS-2025-0912,cartagenabpo-iso9001-2025.pdf,Cartagena BPO Solutions
PCI DSS Level 1 Service Provider,ControlCase LatAm,2025-06-16,2026-06-15,PCI-L1-CO-2025-0552,cartagenabpo-pcidss-l1-2025.pdf,Cartagena BPO Solutions
SOC 2 Type II,Deloitte Colombia,2025-09-29,2026-09-28,SOC2-2025-CBS-021,cartagenabpo-soc2-type2-2025.pdf,Cartagena BPO Solutions
PCI DSS Level 1 Service Provider,ControlCase LatAm,2025-10-05,2026-10-04,PCI-L1-CL-2025-0331,andesfintech-pcidss-l1-2025.pdf,Andes Fintech Labs
ISO/IEC 27001:2022,INN Chile,2025-02-20,2028-02-19,CL-ISMS-2025-1183,andesfintech-iso27001-2025.pdf,Andes Fintech Labs
ISO/IEC 27001:2022,IRAM Argentina,2024-04-09,2027-04-08,AR-ISMS-2024-1750,pampasdata-iso27001-2024.pdf,Pampas Data Collective
ISO 9001:2015,IRAM Argentina,2025-01-15,2028-01-14,AR-QMS-2025-2214,pampasdata-iso9001-2025.pdf,Pampas Data Collective
ISO/IEC 27001:2022,ABNT Brazil,2025-05-30,2028-05-29,BR-ISMS-2025-6602,copacabanacloud-iso27001-2025.pdf,Copacabana Cloud Partners
ISO/IEC 20000-1:2018,ABNT Brazil,2025-10-08,2028-10-07,BR-ITSM-2025-4471,copacabanacloud-iso20000-2025.pdf,Copacabana Cloud Partners
ISO 9001:2015,BSI Group,2024-07-14,2027-07-13,UK-QMS-2024-7710,thameside-iso9001-2024.pdf,Thameside Advisory
ISO/IEC 27701:2019,BSI Group,2025-05-06,2028-05-05,UK-PIMS-2025-3312,thameside-iso27701-2025.pdf,Thameside Advisory
CREST Accredited Penetration Testing,CREST,2025-04-02,2027-04-01,CREST-PT-UK-3391,highlandsecurity-crest-pt-2025.pdf,Highland Security Partners
ISO/IEC 27001:2022,BSI Group,2025-09-18,2028-09-17,UK-ISMS-2025-6602,highlandsecurity-iso27001-2025.pdf,Highland Security Partners
ISO/IEC 27001:2022,BSI Group,2024-10-25,2027-10-24,UK-ISMS-2024-5528,merseycloud-iso27001-2024.pdf,Mersey Cloud Collective
ISO/IEC 20000-1:2018,BSI Group,2025-04-11,2028-04-10,UK-ITSM-2025-2298,merseycloud-iso20000-2025.pdf,Mersey Cloud Collective
ISO/IEC 27701:2019,NSAI,2025-06-18,2028-06-17,IE-PIMS-2025-2214,dublinbay-iso27701-2025.pdf,Dublin Bay Analytics
ISO/IEC 27001:2022,NSAI,2025-01-08,2028-01-07,IE-ISMS-2025-4471,dublinbay-iso27001-2025.pdf,Dublin Bay Analytics
ISO 9001:2015,NSAI,2024-03-11,2027-03-10,IE-QMS-2024-1187,shannonestuary-iso9001-2024.pdf,Shannon Estuary Robotics
ISO/IEC 27001:2022,NSAI,2025-07-07,2028-07-06,IE-ISMS-2025-1198,shannonestuary-iso27001-2025.pdf,Shannon Estuary Robotics
ISO/IEC 27001:2022,BSI Group,2025-08-07,2028-08-06,UK-ISMS-2025-9012,belfastharbour-iso27001-2025.pdf,Belfast Harbour Tech
ISO 9001:2015,BSI Group,2025-12-03,2028-12-02,UK-QMS-2025-5581,belfastharbour-iso9001-2025.pdf,Belfast Harbour Tech
SAP Gold Partner,SAP SE,2026-02-01,2026-12-31,SAP-GP-2026-DE-1187,rhinevalley-sap-gold-2026.pdf,Rhine Valley Systems
ISO/IEC 27001:2022,TUV Rheinland,2025-03-24,2028-03-23,DE-ISMS-2025-2207,rhinevalley-iso27001-2025.pdf,Rhine Valley Systems
ISO 9001:2015,TUV Rheinland,2025-08-19,2028-08-18,DE-QMS-2025-3390,rhinevalley-iso9001-2025.pdf,Rhine Valley Systems
ISO/IEC 27001:2022,TUV Rheinland,2024-12-09,2027-12-08,DE-ISMS-2024-4423,berlinerdatenwerk-iso27001-2024.pdf,Berliner Datenwerk
ISO/IEC 27701:2019,TUV Rheinland,2025-06-02,2028-06-01,DE-PIMS-2025-4423,berlinerdatenwerk-iso27701-2025.pdf,Berliner Datenwerk
ISO/IEC 27001:2022,TUV SUD,2025-07-21,2028-07-20,DE-ISMS-2025-3350,bavariancyber-iso27001-2025.pdf,Bavarian Cyber Guard
CREST Accredited Penetration Testing,CREST,2025-11-14,2027-11-13,CREST-PT-DE-3350,bavariancyber-crest-pt-2025.pdf,Bavarian Cyber Guard
ISO/IEC 27001:2022,DEKRA Certification,2024-09-16,2027-09-15,NL-ISMS-2024-7729,bataviacloud-iso27001-2024.pdf,Batavia Cloud Studio
ISO/IEC 20000-1:2018,DEKRA Certification,2025-02-16,2028-02-15,NL-ITSM-2025-7729,bataviacloud-iso20000-2025.pdf,Batavia Cloud Studio
AWS Advanced Tier Services Partner,Amazon Web Services,2026-01-20,2026-12-31,APN-ADV-2026-NL-055,bataviacloud-aws-advanced-2026.pdf,Batavia Cloud Studio
ISO 9001:2015,Vincotte,2025-02-27,2028-02-26,BE-QMS-2025-0651,flandersfield-iso9001-2025.pdf,Flanders Field Robotics
ISO/IEC 27001:2022,Vincotte,2025-08-14,2028-08-13,BE-ISMS-2025-0651,flandersfield-iso27001-2025.pdf,Flanders Field Robotics
ISO/IEC 27701:2019,DEKRA Certification,2025-11-11,2028-11-10,NL-PIMS-2025-9902,zeelanddata-iso27701-2025.pdf,Zeeland Data Governance
ISO/IEC 27001:2022,DEKRA Certification,2025-04-25,2028-04-24,NL-ISMS-2025-9902,zeelanddata-iso27001-2025.pdf,Zeeland Data Governance
EN 9100:2018,AENOR,2024-06-19,2027-06-18,ES-AQMS-2024-3387,pyrenees-en9100-2024.pdf,Pyrenees Engineering Group
ISO 9001:2015,AENOR,2025-01-12,2028-01-11,ES-QMS-2025-3387,pyrenees-iso9001-2025.pdf,Pyrenees Engineering Group
ISO/IEC 27001:2022,AENOR,2025-03-28,2028-03-27,ES-ISMS-2025-6641,madridmanaged-iso27001-2025.pdf,Madrid Managed Services
ISO/IEC 20000-1:2018,AENOR,2025-09-05,2028-09-04,ES-ITSM-2025-6641,madridmanaged-iso20000-2025.pdf,Madrid Managed Services
ISO/IEC 27001:2022,APCER,2024-10-02,2027-10-01,PT-ISMS-2024-2298,lisboacloud-iso27001-2024.pdf,Lisboa Cloud Bridge
ISO 9001:2015,APCER,2025-05-27,2028-05-26,PT-QMS-2025-2298,lisboacloud-iso9001-2025.pdf,Lisboa Cloud Bridge
PCI DSS Level 1 Service Provider,ControlCase EU,2025-09-09,2026-09-08,PCI-L1-IT-2025-0745,milanofintech-pcidss-l1-2025.pdf,Milano Fintech Studio
ISO/IEC 27001:2022,RINA Italy,2025-02-13,2028-02-12,IT-ISMS-2025-0745,milanofintech-iso27001-2025.pdf,Milano Fintech Studio
ISO 9001:2015,SQS Switzerland,2024-05-05,2027-05-04,CH-QMS-2024-1129,alpineassurance-iso9001-2024.pdf,Alpine Assurance Partners
ISO/IEC 27701:2019,SQS Switzerland,2025-10-21,2028-10-20,CH-PIMS-2025-1129,alpineassurance-iso27701-2025.pdf,Alpine Assurance Partners
CMMI Level 3 (Development),ISACA CMMI Institute,2025-06-23,2028-06-22,CMMI-DEV-L3-AT-3390,danubesoftware-cmmi-l3-2025.pdf,Danube Software House
ISO/IEC 27001:2022,Quality Austria,2025-08-08,2028-08-07,AT-ISMS-2025-3390,danubesoftware-iso27001-2025.pdf,Danube Software House
ISO/IEC 27001:2022,DNV Norway,2024-11-14,2027-11-13,NO-ISMS-2024-4482,fjordline-iso27001-2024.pdf,Fjord Line Cloud
ISO 9001:2015,DNV Norway,2025-05-25,2028-05-24,NO-QMS-2025-4482,fjordline-iso9001-2025.pdf,Fjord Line Cloud
ISO 9001:2015,SP Sweden,2025-04-16,2028-04-15,SE-QMS-2025-1129,skanedigital-iso9001-2025.pdf,Skane Digital Works
ISO/IEC 27001:2022,RISE Sweden,2025-11-02,2028-11-01,SE-ISMS-2025-1129,skanedigital-iso27001-2025.pdf,Skane Digital Works
ISO/IEC 27001:2022,Inspecta Finland,2024-08-29,2027-08-28,FI-ISMS-2024-5567,balticseacyber-iso27001-2024.pdf,Baltic Sea Cyber Labs
CREST Accredited Penetration Testing,CREST,2025-12-09,2027-12-08,CREST-PT-FI-5567,balticseacyber-crest-pt-2025.pdf,Baltic Sea Cyber Labs
ISO/IEC 27001:2022,PCBC Poland,2025-01-06,2028-01-05,PL-ISMS-2025-3308,vistulasystems-iso27001-2025.pdf,Vistula Systems Group
ISO 9001:2015,PCBC Poland,2025-06-14,2028-06-13,PL-QMS-2025-3308,vistulasystems-iso9001-2025.pdf,Vistula Systems Group
ISO/IEC 27001:2022,CQS Czech Republic,2024-07-08,2027-07-07,CZ-ISMS-2024-2214,vltavadata-iso27001-2024.pdf,Vltava Data Studio
ISO/IEC 27701:2019,CQS Czech Republic,2025-10-15,2028-10-14,CZ-PIMS-2025-2214,vltavadata-iso27701-2025.pdf,Vltava Data Studio
ISO/IEC 27001:2022,SRAC Romania,2025-05-19,2028-05-18,RO-ISMS-2025-6607,carpathiancloud-iso27001-2025.pdf,Carpathian Cloud Ops
ISO/IEC 20000-1:2018,SRAC Romania,2025-07-23,2028-07-22,RO-ITSM-2025-6607,carpathiancloud-iso20000-2025.pdf,Carpathian Cloud Ops
ISO 9001:2015,Bureau Veritas Ukraine,2024-09-27,2027-09-26,UA-QMS-2024-7712,dniprodigital-iso9001-2024.pdf,Dnipro Digital Forge
ISO/IEC 27001:2022,Bureau Veritas Ukraine,2025-02-06,2028-02-05,UA-ISMS-2025-7712,dniprodigital-iso27001-2025.pdf,Dnipro Digital Forge
PCI DSS Level 1 Service Provider,ControlCase EU,2025-12-02,2026-12-01,PCI-L1-TR-2025-0398,bosphorusbridge-pcidss-l1-2025.pdf,Bosphorus Bridge IT
ISO/IEC 27001:2022,TSE Turkiye,2025-04-30,2028-04-29,TR-ISMS-2025-0398,bosphorusbridge-iso27001-2025.pdf,Bosphorus Bridge IT
ISO 9001:2015,Bureau Veritas Croatia,2024-04-24,2027-04-23,HR-QMS-2024-1152,zagrebassurance-iso9001-2024.pdf,Zagreb Assurance Partners
ISO/IEC 27701:2019,Bureau Veritas Croatia,2025-09-11,2028-09-10,HR-PIMS-2025-1152,zagrebassurance-iso27701-2025.pdf,Zagreb Assurance Partners
ISO/IEC 27001:2022,TUV SUD Slovakia,2025-08-13,2028-08-12,SK-ISMS-2025-4470,tatranetworks-iso27001-2025.pdf,Tatra Networks
ISO 9001:2015,TUV SUD Slovakia,2025-03-27,2028-03-26,SK-QMS-2025-4470,tatranetworks-iso9001-2025.pdf,Tatra Networks
ISO/IEC 27001:2022,Bureau Veritas Lithuania,2024-12-16,2027-12-15,LT-ISMS-2024-3391,balticamber-iso27001-2024.pdf,Baltic Amber Analytics
ISO 9001:2015,Bureau Veritas Lithuania,2025-06-30,2028-06-29,LT-QMS-2025-3391,balticamber-iso9001-2025.pdf,Baltic Amber Analytics
ISO/IEC 27001:2022,DNV Middle East,2025-02-09,2028-02-08,AE-ISMS-2025-5581,waditech-iso27001-2025.pdf,Wadi Tech Solutions
ISO/IEC 20000-1:2018,DNV Middle East,2025-08-17,2028-08-16,AE-ITSM-2025-5581,waditech-iso20000-2025.pdf,Wadi Tech Solutions
CREST Accredited Penetration Testing,CREST,2025-12-04,2027-12-03,CREST-PT-AE-2209,waditech-crest-pt-2025.pdf,Wadi Tech Solutions
ISO/IEC 27001:2022,SASO Saudi Arabia,2024-10-30,2027-10-29,SA-ISMS-2024-6690,riyadhdigital-iso27001-2024.pdf,Riyadh Digital Bridge
ISO 9001:2015,SASO Saudi Arabia,2025-04-13,2028-04-12,SA-QMS-2025-6690,riyadhdigital-iso9001-2025.pdf,Riyadh Digital Bridge
ISO/IEC 27001:2022,QCC Qatar,2025-06-06,2028-06-05,QA-ISMS-2025-2270,dohaharbor-iso27001-2025.pdf,Doha Harbor Analytics
ISO 9001:2015,QCC Qatar,2025-10-26,2028-10-25,QA-QMS-2025-2270,dohaharbor-iso9001-2025.pdf,Doha Harbor Analytics
ISO/IEC 27001:2022,SII Israel,2024-03-19,2027-03-18,IL-ISMS-2024-8814,galileecyber-iso27001-2024.pdf,Galilee Cyber Works
CREST Accredited Penetration Testing,CREST,2025-08-06,2027-08-05,CREST-PT-IL-8814,galileecyber-crest-pt-2025.pdf,Galilee Cyber Works
ISO 9001:2015,EOS Egypt,2025-07-15,2028-07-14,EG-QMS-2025-3321,niledeltasoftware-iso9001-2025.pdf,Nile Delta Software
ISO/IEC 27001:2022,EOS Egypt,2025-11-19,2028-11-18,EG-ISMS-2025-3321,niledeltasoftware-iso27001-2025.pdf,Nile Delta Software
ISO/IEC 27001:2022,JSMO Jordan,2024-11-05,2027-11-04,JO-ISMS-2024-1198,ammancloud-iso27001-2024.pdf,Amman Cloud Circle
ISO 9001:2015,JSMO Jordan,2025-05-23,2028-05-22,JO-QMS-2025-1198,ammancloud-iso9001-2025.pdf,Amman Cloud Circle
ISO/IEC 27001:2022,Oman Accreditation Council,2025-09-23,2028-09-22,OM-ISMS-2025-4413,muscatmarine-iso27001-2025.pdf,Muscat Marine Systems
ISO 9001:2015,Oman Accreditation Council,2025-12-15,2028-12-14,OM-QMS-2025-4413,muscatmarine-iso9001-2025.pdf,Muscat Marine Systems
PCI DSS Level 1 Service Provider,ControlCase MEA,2025-04-04,2026-04-03,PCI-L1-BH-2025-0219,manamafintech-pcidss-l1-2025.pdf,Manama Fintech Hub
ISO/IEC 27001:2022,DNV Middle East,2025-08-28,2028-08-27,BH-ISMS-2025-0219,manamafintech-iso27001-2025.pdf,Manama Fintech Hub
ISO/IEC 27001:2022,KEBS Kenya,2024-06-27,2027-06-26,KE-ISMS-2024-2298,riftvalleydata-iso27001-2024.pdf,Rift Valley Data Labs
ISO 9001:2015,KEBS Kenya,2025-02-19,2028-02-18,KE-QMS-2025-2298,riftvalleydata-iso9001-2025.pdf,Rift Valley Data Labs
PCI DSS Level 1 Service Provider,ControlCase MEA,2025-11-17,2026-11-16,PCI-L1-NG-2025-0552,lagoslagoon-pcidss-l1-2025.pdf,Lagos Lagoon Tech
ISO/IEC 27001:2022,SON Nigeria,2025-07-04,2028-07-03,NG-ISMS-2025-0552,lagoslagoon-iso27001-2025.pdf,Lagos Lagoon Tech
ISO/IEC 27001:2022,SABS South Africa,2025-01-29,2028-01-28,ZA-ISMS-2025-4471,capewinelands-iso27001-2025.pdf,Cape Winelands Cyber
CREST Accredited Penetration Testing,CREST,2025-10-16,2027-10-15,CREST-PT-ZA-4471,capewinelands-crest-pt-2025.pdf,Cape Winelands Cyber
ISO/IEC 20000-1:2018,SABS South Africa,2024-08-20,2027-08-19,ZA-ITSM-2024-6631,highveld-iso20000-2024.pdf,Highveld Managed Services
ISO/IEC 27001:2022,SABS South Africa,2025-03-06,2028-03-05,ZA-ISMS-2025-6631,highveld-iso27001-2025.pdf,Highveld Managed Services
ISO 9001:2015,IMANOR Morocco,2025-05-13,2028-05-12,MA-QMS-2025-1189,atlasmountain-iso9001-2025.pdf,Atlas Mountain Software
ISO/IEC 27001:2022,IMANOR Morocco,2025-09-29,2028-09-28,MA-ISMS-2025-1189,atlasmountain-iso27001-2025.pdf,Atlas Mountain Software
PCI DSS Level 1 Service Provider,ControlCase MEA,2024-12-08,2025-12-07,PCI-L1-GH-2024-0331,accradigital-pcidss-l1-2024.pdf,Accra Digital Exchange
ISO/IEC 27001:2022,GSA Ghana,2025-06-11,2028-06-10,GH-ISMS-2025-0331,accradigital-iso27001-2025.pdf,Accra Digital Exchange
ISO/IEC 27001:2022,TBS Tanzania,2025-03-03,2028-03-02,TZ-ISMS-2025-2201,kilimanjarocloud-iso27001-2025.pdf,Kilimanjaro Cloud Base
ISO 9001:2015,TBS Tanzania,2025-08-24,2028-08-23,TZ-QMS-2025-2201,kilimanjarocloud-iso9001-2025.pdf,Kilimanjaro Cloud Base
ISO 9001:2015,Bureau Veritas Senegal,2024-10-14,2027-10-13,SN-QMS-2024-1174,sahelsystems-iso9001-2024.pdf,Sahel Systems Alliance
ISO/IEC 27001:2022,Bureau Veritas Senegal,2025-01-31,2028-01-30,SN-ISMS-2025-1174,sahelsystems-iso27001-2025.pdf,Sahel Systems Alliance
ISO/IEC 27001:2022,BSI Group India,2024-02-08,2027-02-07,IN-ISMS-2024-9012,deccancloud-iso27001-2024.pdf,Deccan Cloud Systems
ISO/IEC 20000-1:2018,BSI Group India,2025-06-05,2028-06-04,IN-ITSM-2025-9012,deccancloud-iso20000-2025.pdf,Deccan Cloud Systems
SOC 2 Type II,Deloitte India,2025-11-21,2026-11-20,SOC2-2025-DCS-033,deccancloud-soc2-type2-2025.pdf,Deccan Cloud Systems
CMMI Level 5 (Development),ISACA CMMI Institute,2025-01-27,2028-01-26,CMMI-DEV-L5-IN-5581,gangesdata-cmmi-l5-2025.pdf,Ganges Data Foundry
ISO/IEC 27001:2022,BSI Group India,2025-04-19,2028-04-18,IN-ISMS-2025-5581,gangesdata-iso27001-2025.pdf,Ganges Data Foundry
CREST Accredited Penetration Testing,CREST,2025-05-08,2027-05-07,CREST-PT-IN-2209,nilgiricyber-crest-pt-2025.pdf,Nilgiri Cyber Shield
ISO/IEC 27001:2022,TUV India,2025-09-10,2028-09-09,IN-ISMS-2025-2209,nilgiricyber-iso27001-2025.pdf,Nilgiri Cyber Shield
ISO/IEC 27001:2022,TUV India,2024-09-02,2027-09-01,IN-ISMS-2024-3345,thardesert-iso27001-2024.pdf,Thar Desert Automation
ISO 9001:2015,TUV India,2025-12-27,2028-12-26,IN-QMS-2025-3345,thardesert-iso9001-2025.pdf,Thar Desert Automation
ISO/IEC 27001:2022,PSQCA Pakistan,2025-06-30,2028-06-29,PK-ISMS-2025-7702,indusvalley-iso27001-2025.pdf,Indus Valley Networks
ISO 9001:2015,PSQCA Pakistan,2025-11-02,2028-11-01,PK-QMS-2025-7702,indusvalley-iso9001-2025.pdf,Indus Valley Networks
ISO/IEC 27001:2022,BAB Bangladesh,2024-04-17,2027-04-16,BD-ISMS-2024-4415,padmariver-iso27001-2024.pdf,Padma River Software
ISO 9001:2015,BAB Bangladesh,2025-08-30,2028-08-29,BD-QMS-2025-4415,padmariver-iso9001-2025.pdf,Padma River Software
ISO 9001:2015,SLSI Sri Lanka,2025-08-25,2028-08-24,LK-QMS-2025-0982,ceylontea-iso9001-2025.pdf,Ceylon Tea Analytics
ISO/IEC 27001:2022,SLSI Sri Lanka,2025-02-28,2028-02-27,LK-ISMS-2025-0982,ceylontea-iso27001-2025.pdf,Ceylon Tea Analytics
ISO/IEC 27001:2022,PSQCA Pakistan,2024-12-01,2027-11-30,PK-ISMS-2024-8871,karakoramsystems-iso27001-2024.pdf,Karakoram Systems Group
ISO 9001:2015,PSQCA Pakistan,2025-05-06,2028-05-05,PK-QMS-2025-8871,karakoramsystems-iso9001-2025.pdf,Karakoram Systems Group
ISO/IEC 27001:2022,CQC China,2024-07-19,2027-07-18,CN-ISMS-2024-6602,yangtzecloud-iso27001-2024.pdf,Yangtze Cloud Alliance
ISO/IEC 20000-1:2018,CQC China,2025-10-19,2028-10-18,CN-ITSM-2025-6602,yangtzecloud-iso20000-2025.pdf,Yangtze Cloud Alliance
ISO 9001:2015,CQC China,2025-02-14,2028-02-13,CN-QMS-2025-3391,pearlriverrobotics-iso9001-2025.pdf,Pearl River Robotics
ISO/IEC 27001:2022,CQC China,2025-07-14,2028-07-13,CN-ISMS-2025-3391,pearlriverrobotics-iso27001-2025.pdf,Pearl River Robotics
ISO/IEC 27001:2022,Hong Kong Quality Assurance Agency,2024-11-27,2027-11-26,HK-ISMS-2024-5528,kowloonbay-iso27001-2024.pdf,Kowloon Bay Advisory
ISO/IEC 27701:2019,Hong Kong Quality Assurance Agency,2025-04-08,2028-04-07,HK-PIMS-2025-5528,kowloonbay-iso27701-2025.pdf,Kowloon Bay Advisory
CMMI Level 4 (Development),ISACA CMMI Institute,2025-03-31,2028-03-30,CMMI-DEV-L4-TW-2298,taipeisemiconductor-cmmi-l4-2025.pdf,Taipei Semiconductor IT
ISO/IEC 27001:2022,Bureau Veritas Taiwan,2025-09-25,2028-09-24,TW-ISMS-2025-2298,taipeisemiconductor-iso27001-2025.pdf,Taipei Semiconductor IT
ISO/IEC 27001:2022,Japan Quality Assurance Organisation,2024-06-11,2027-06-10,JP-ISMS-2024-1187,fujicloud-iso27001-2024.pdf,Fuji Cloud Innovations
ISO/IEC 27017:2015 Cloud Security,Japan Quality Assurance Organisation,2025-12-13,2028-12-12,JP-CLOUD-2025-1187,fujicloud-iso27017-2025.pdf,Fuji Cloud Innovations
ISO 9001:2015,Japan Quality Assurance Organisation,2025-09-19,2028-09-18,JP-QMS-2025-4470,hokkaidofield-iso9001-2025.pdf,Hokkaido Field Systems
ISO/IEC 27001:2022,Japan Quality Assurance Organisation,2025-03-01,2028-02-29,JP-ISMS-2025-4470,hokkaidofield-iso27001-2025.pdf,Hokkaido Field Systems
ISO/IEC 27001:2022,Korean Foundation for Quality,2024-10-08,2027-10-07,KR-ISMS-2024-3312,busanport-iso27001-2024.pdf,Busan Port Digital
ISO 9001:2015,Korean Foundation for Quality,2025-07-28,2028-07-27,KR-QMS-2025-3312,busanport-iso9001-2025.pdf,Busan Port Digital
ISO/IEC 42001:2023 AI Management System,BSI Group Korea,2026-01-05,2029-01-04,KR-AIMS-2026-0091,jejuconversational-iso42001-2026.pdf,Jeju Conversational Labs
ISO/IEC 27001:2022,BSI Group Korea,2025-05-15,2028-05-14,KR-ISMS-2025-0091,jejuconversational-iso27001-2025.pdf,Jeju Conversational Labs
ISO/IEC 27001:2022,SIRIM QAS International,2024-05-21,2027-05-20,MY-ISMS-2024-2298,selatmelaka-iso27001-2024.pdf,Selat Melaka Systems
ISO 9001:2015,SIRIM QAS International,2025-11-24,2028-11-23,MY-QMS-2025-2298,selatmelaka-iso9001-2025.pdf,Selat Melaka Systems
ISO/IEC 27001:2022,SIRIM QAS International,2025-07-02,2028-07-01,MY-ISMS-2025-6613,borneorainforest-iso27001-2025.pdf,Borneo Rainforest Data
ISO 9001:2015,SIRIM QAS International,2025-12-30,2028-12-29,MY-QMS-2025-6613,borneorainforest-iso9001-2025.pdf,Borneo Rainforest Data
ISO/IEC 27001:2022,SGS Indonesia,2024-08-08,2027-08-07,ID-ISMS-2024-4471,merapicloud-iso27001-2024.pdf,Merapi Cloud Foundry
ISO/IEC 20000-1:2018,SGS Indonesia,2025-02-22,2028-02-21,ID-ITSM-2025-4471,merapicloud-iso20000-2025.pdf,Merapi Cloud Foundry
ISO/IEC 27001:2022,SGS Indonesia,2025-04-14,2028-04-13,ID-ISMS-2025-7702,sundastraitcyber-iso27001-2025.pdf,Sunda Strait Cyber
CREST Accredited Penetration Testing,CREST,2025-08-19,2027-08-18,CREST-PT-ID-7702,sundastraitcyber-crest-pt-2025.pdf,Sunda Strait Cyber
ISO 9001:2015,TUV Rheinland Philippines,2024-01-30,2027-01-29,PH-QMS-2024-1198,cordillerabpo-iso9001-2024.pdf,Cordillera BPO Group
PCI DSS Level 1 Service Provider,ControlCase APAC,2025-05-17,2026-05-16,PCI-L1-PH-2025-0447,cordillerabpo-pcidss-l1-2025.pdf,Cordillera BPO Group
SOC 2 Type II,KPMG Philippines,2025-10-02,2026-10-01,SOC2-2025-CBG-041,cordillerabpo-soc2-type2-2025.pdf,Cordillera BPO Group
ISO/IEC 27001:2022,TUV Rheinland Philippines,2025-10-11,2028-10-10,PH-ISMS-2025-5581,palawanreef-iso27001-2025.pdf,Palawan Reef Software
ISO 9001:2015,TUV Rheinland Philippines,2025-04-04,2028-04-03,PH-QMS-2025-5581,palawanreef-iso9001-2025.pdf,Palawan Reef Software
ISO/IEC 27001:2022,Bureau Veritas Vietnam,2024-02-24,2027-02-23,VN-ISMS-2024-3345,mekongdelta-iso27001-2024.pdf,Mekong Delta Analytics
ISO 9001:2015,Bureau Veritas Vietnam,2025-09-01,2028-08-31,VN-QMS-2025-3345,mekongdelta-iso9001-2025.pdf,Mekong Delta Analytics
ISO/IEC 27001:2022,Bureau Veritas Vietnam,2025-11-29,2028-11-28,VN-ISMS-2025-8814,halongbaycloud-iso27001-2025.pdf,Halong Bay Cloud Works
ISO/IEC 20000-1:2018,Bureau Veritas Vietnam,2025-05-08,2028-05-07,VN-ITSM-2025-8814,halongbaycloud-iso20000-2025.pdf,Halong Bay Cloud Works
PCI DSS Level 1 Service Provider,ControlCase APAC,2025-06-20,2026-06-19,PCI-L1-TH-2025-0447,chaophrayafintech-pcidss-l1-2025.pdf,Chao Phraya Fintech
ISO/IEC 27001:2022,TUV Nord Thailand,2025-11-27,2028-11-26,TH-ISMS-2025-0447,chaophrayafintech-iso27001-2025.pdf,Chao Phraya Fintech
ISO/IEC 27001:2022,TUV Nord Thailand,2024-09-06,2027-09-05,TH-ISMS-2024-1130,andamancoast-iso27001-2024.pdf,Andaman Coast Networks
ISO 9001:2015,TUV Nord Thailand,2025-03-15,2028-03-14,TH-QMS-2025-1130,andamancoast-iso9001-2025.pdf,Andaman Coast Networks
ISO 9001:2015,SAI Global Australia,2024-12-19,2027-12-18,AU-QMS-2024-6690,tasmansea-iso9001-2024.pdf,Tasman Sea Consulting
ISO/IEC 27701:2019,SAI Global Australia,2025-07-09,2028-07-08,AU-PIMS-2025-6690,tasmansea-iso27701-2025.pdf,Tasman Sea Consulting
ISO/IEC 27001:2022,SAI Global Australia,2025-05-27,2028-05-26,AU-ISMS-2025-3382,outbackfield-iso27001-2025.pdf,Outback Field Robotics
ISO 9001:2015,SAI Global Australia,2025-12-21,2028-12-20,AU-QMS-2025-3382,outbackfield-iso9001-2025.pdf,Outback Field Robotics
ISO/IEC 27001:2022,Telarc New Zealand,2024-03-15,2027-03-14,NZ-ISMS-2024-2214,aotearoacloud-iso27001-2024.pdf,Aotearoa Cloud Collective
ISO/IEC 20000-1:2018,Telarc New Zealand,2025-06-27,2028-06-26,NZ-ITSM-2025-2214,aotearoacloud-iso20000-2025.pdf,Aotearoa Cloud Collective
ISO/IEC 27001:2022,Schellman & Company,2025-08-01,2028-07-31,US-ISMS-2025-7712,greatplainsdata-iso27001-2025.pdf,Great Plains Data Bureau
ISO 9001:2015,Schellman & Company,2025-11-15,2028-11-14,US-QMS-2025-7712,greatplainsdata-iso9001-2025.pdf,Great Plains Data Bureau
ISO/IEC 20000-1:2018,Schellman & Company,2024-04-28,2027-04-27,US-ITSM-2024-5528,appalachianmanaged-iso20000-2024.pdf,Appalachian Managed IT
ISO/IEC 27001:2022,Schellman & Company,2025-08-13,2028-08-12,US-ISMS-2025-5528,appalachianmanaged-iso27001-2025.pdf,Appalachian Managed IT
ISO 9001:2015,BSI Group Canada,2025-02-04,2028-02-03,CA-QMS-2025-1187,ottawavalley-iso9001-2025.pdf,Ottawa Valley Assurance
ISO/IEC 27701:2019,BSI Group Canada,2025-10-01,2028-09-30,CA-PIMS-2025-1187,ottawavalley-iso27701-2025.pdf,Ottawa Valley Assurance
EN 9100:2018,AFNOR Certification,2024-06-02,2027-06-01,FR-AQMS-2024-4471,loirevalley-en9100-2024.pdf,Loire Valley Engineering
ISO 9001:2015,AFNOR Certification,2025-01-20,2028-01-19,FR-QMS-2025-4471,loirevalley-iso9001-2025.pdf,Loire Valley Engineering
ISO/IEC 27001:2022,AFNOR Certification,2025-09-12,2028-09-11,FR-ISMS-2025-6602,provencecyber-iso27001-2025.pdf,Provence Cyber Atelier
CREST Accredited Penetration Testing,CREST,2025-12-18,2027-12-17,CREST-PT-FR-6602,provencecyber-crest-pt-2025.pdf,Provence Cyber Atelier
ISO/IEC 27001:2022,SIQ Slovenia,2024-11-08,2027-11-07,SI-ISMS-2024-2298,karstplateau-iso27001-2024.pdf,Karst Plateau Software
ISO 9001:2015,SIQ Slovenia,2025-05-30,2028-05-29,SI-QMS-2025-2298,karstplateau-iso9001-2025.pdf,Karst Plateau Software
ISO/IEC 27001:2022,EOS Egypt,2025-01-16,2028-01-15,EG-ISMS-2025-3312,sinaipeninsula-iso27001-2025.pdf,Sinai Peninsula Networks
ISO 9001:2015,EOS Egypt,2025-08-04,2028-08-03,EG-QMS-2025-3312,sinaipeninsula-iso9001-2025.pdf,Sinai Peninsula Networks
ISO 9001:2015,ZABS Zambia,2024-07-25,2027-07-24,ZM-QMS-2024-1189,zambezibasin-iso9001-2024.pdf,Zambezi Basin Analytics
ISO/IEC 27001:2022,ZABS Zambia,2025-02-27,2028-02-26,ZM-ISMS-2025-1189,zambezibasin-iso27001-2025.pdf,Zambezi Basin Analytics
PCI DSS Level 1 Service Provider,ControlCase LatAm,2025-10-30,2026-10-29,PCI-L1-BR-2025-0668,guanabarafintech-pcidss-l1-2025.pdf,Guanabara Fintech Labs
ISO/IEC 27001:2022,ABNT Brazil,2025-06-08,2028-06-07,BR-ISMS-2025-0668,guanabarafintech-iso27001-2025.pdf,Guanabara Fintech Labs
ISO/IEC 27001:2022,INN Chile,2024-05-14,2027-05-13,CL-ISMS-2024-4482,patagoniafield-iso27001-2024.pdf,Patagonia Field Networks
ISO 9001:2015,INN Chile,2025-09-19,2028-09-18,CL-QMS-2025-4482,patagoniafield-iso9001-2025.pdf,Patagonia Field Networks
ISO/IEC 27001:2022,TSE Turkiye,2025-03-21,2028-03-20,TR-ISMS-2025-5581,goldenhorncloud-iso27001-2025.pdf,Golden Horn Cloud
ISO/IEC 20000-1:2018,TSE Turkiye,2025-11-08,2028-11-07,TR-ITSM-2025-5581,goldenhorncloud-iso20000-2025.pdf,Golden Horn Cloud
ISO 9001:2015,Bureau Veritas Taiwan,2024-08-13,2027-08-12,TW-QMS-2024-3390,jademountain-iso9001-2024.pdf,Jade Mountain Robotics
ISO/IEC 27001:2022,Bureau Veritas Taiwan,2025-03-09,2028-03-08,TW-ISMS-2025-3390,jademountain-iso27001-2025.pdf,Jade Mountain Robotics
ISO/IEC 27001:2022,SIRIM QAS International,2025-04-28,2028-04-27,MY-ISMS-2025-8814,coraltriangle-iso27001-2025.pdf,Coral Triangle Data
ISO 9001:2015,SIRIM QAS International,2025-10-13,2028-10-12,MY-QMS-2025-8814,coraltriangle-iso9001-2025.pdf,Coral Triangle Data
ISO 9001:2015,Telarc New Zealand,2024-10-19,2027-10-18,NZ-QMS-2024-6602,wellingtonharbour-iso9001-2024.pdf,Wellington Harbour Advisory
ISO/IEC 27701:2019,Telarc New Zealand,2025-01-25,2028-01-24,NZ-PIMS-2025-6602,wellingtonharbour-iso27701-2025.pdf,Wellington Harbour Advisory
ISO/IEC 20000-1:2018,BSI Group Canada,2026-02-01,2029-01-31,CA-ITSM-2026-0091,mapleridgeit-iso20000-2026.pdf,Maple Ridge IT Systems
ISO/IEC 27001:2022,BSI Group Canada,2026-05-12,2029-05-11,CA-ISMS-2026-0134,mapleridgeit-iso27001-2026.pdf,Maple Ridge IT Systems
ISO/IEC 27001:2022,Hong Kong Quality Assurance Agency,2026-03-10,2029-03-09,HK-ISMS-2026-0044,vpadvisorygroup-iso27001-2026.pdf,Victoria Peak Advisory Group
ISO 9001:2015,Hong Kong Quality Assurance Agency,2026-06-01,2029-05-31,HK-QMS-2026-0098,vpadvisorygroup-iso9001-2026.pdf,Victoria Peak Advisory Group
ISO 9001:2015,TUV Nord Thailand,2026-01-18,2029-01-17,TH-QMS-2026-0067,siamintegrationgroup-iso9001-2026.pdf,Siam Integration Group
ISO/IEC 27001:2022,TUV Nord Thailand,2026-03-05,2029-03-04,TH-ISMS-2026-0071,siamintegrationgroup-iso27001-2026.pdf,Siam Integration Group
EN 9100:2018,AFNOR Certification,2026-02-22,2029-02-21,FR-AQMS-2026-0098,lumiereingenierie-en9100-2026.pdf,Lumière Ingénierie
ISO/IEC 27001:2022,AFNOR Certification,2026-05-20,2029-05-19,FR-ISMS-2026-0145,lumiereingenierie-iso27001-2026.pdf,Lumière Ingénierie
ISO/IEC 27001:2022,NSAI,2026-04-01,2029-03-31,IE-ISMS-2026-0112,shannoncloud-iso27001-2026.pdf,Shannon Cloud
ISO/IEC 27701:2019,NSAI,2026-07-15,2029-07-14,IE-PIMS-2026-0167,shannoncloud-iso27701-2026.pdf,Shannon Cloud
